year,peak_count
1935,7
1939,3
1941,8
1949,9
1950,13
1951,13
1952,33
1953,25
1954,32
1955,53
1957,1
1958,91
1959,66
1960,40
1962,40
1963,27
1964,83
1966,134
1967,239
1969,133
1970,282
1971,429
1972,486
1973,701
1974,713
1975,469
1976,671
1977,678
1978,886
1979,894
1980,1325
1981,870
1982,1089
1983,1285
1984,1181
1985,1458
1986,1583
1987,1699
1988,2471
1989,1709
1990,1432
1991,1589
1992,1344
1993,1847
1994,3043
1995,3893
1996,2770
1997,2442
1998,2676
1999,2789
2000,2876
2001,4019
2002,3084
2003,3924
2004,2952
2005,2310
2006,1564
2007,3884
2008,280
2009,230
2010,5522
2011,362
2012,8177
2013,714
2014,104
2015,2516
2016,151
2017,495
2018,903
2019,487
2020,1681
2021,18
2022,3331
2023,531
2024,1866
2025,3455
