date,season,weekday,roosting,observed,note,source
2015-09-13,2015,Sun,45,,,https://jacksonaudubon.org/page-18108/3525034
2015-09-20,2015,Sun,68,,,https://jacksonaudubon.org/page-18108/3535680
2015-09-27,2015,Sun,88,,,https://jacksonaudubon.org/page-18108/3549476
2015-10-05,2015,Mon,162,,,https://jacksonaudubon.org/page-18108/3562071
2015-10-12,2015,Mon,555,,,https://jacksonaudubon.org/page-18108/3574492
2015-10-25,2015,Sun,2516,,,https://jacksonaudubon.org/page-18108/3601432
2015-11-02,2015,Mon,1615,,,https://jacksonaudubon.org/page-18108/3612460
2015-11-09,2015,Mon,1450,,,https://jacksonaudubon.org/page-18108/3625545
2015-11-16,2015,Mon,1839,,,https://jacksonaudubon.org/page-18108/3637028
2015-11-30,2015,Mon,95,,,https://jacksonaudubon.org/page-18108/3668355
2015-12-07,2015,Mon,96,,,https://jacksonaudubon.org/page-18108/3686877
2015-12-14,2015,Mon,243,,,https://jacksonaudubon.org/page-18108/3698474
2016-09-04,2016,Sun,6,,,https://jacksonaudubon.org/page-18108/4233424
2016-09-11,2016,Sun,0,,,https://jacksonaudubon.org/page-18108/4246564
2016-09-18,2016,Sun,0,,,https://jacksonaudubon.org/page-18108/4258162
2016-09-26,2016,Mon,151,,,https://jacksonaudubon.org/page-18108/4276839
2016-10-03,2016,Mon,0,,,https://jacksonaudubon.org/page-18108/4288359
2016-10-10,2016,Mon,20,,,https://jacksonaudubon.org/page-18108/4299533
2016-10-17,2016,Mon,7,,,https://jacksonaudubon.org/page-18108/4310502
2016-10-24,2016,Mon,4,,,https://jacksonaudubon.org/page-18108/4331266
2016-10-31,2016,Mon,8,,,https://jacksonaudubon.org/page-18108/4359908
2016-11-07,2016,Mon,0,,,https://jacksonaudubon.org/page-18108/4369440
2016-11-14,2016,Mon,0,,,https://jacksonaudubon.org/page-18108/4392134
2016-11-21,2016,Mon,2,,,https://jacksonaudubon.org/page-18108/4405467
2017-09-10,2017,Sun,147,,,https://jacksonaudubon.org/page-18108/5075378
2017-09-17,2017,Sun,374,,,https://jacksonaudubon.org/page-18108/5265472
2017-09-24,2017,Sun,385,,,https://jacksonaudubon.org/page-18108/5277885
2017-10-02,2017,Mon,495,,,https://jacksonaudubon.org/page-18108/5291815
2017-10-09,2017,Mon,296,,,https://jacksonaudubon.org/page-18108/5306741
2017-10-16,2017,Mon,155,,,https://jacksonaudubon.org/page-18108/5317746
2017-10-23,2017,Mon,340,,,https://jacksonaudubon.org/page-18108/5334305
2017-11-06,2017,Mon,0,150,~150 observed flying in area; high water,https://jacksonaudubon.org/page-18108/5573795
2017-11-13,2017,Mon,0,100,~100 observed flying in area,https://jacksonaudubon.org/page-18108/5585007
2017-11-20,2017,Mon,4,69,"4 landed, ~65 flybys",https://jacksonaudubon.org/page-18108/5595510
2018-09-10,2018,Mon,0,14,,https://jacksonaudubon.org/page-18108/6664042
2018-09-24,2018,Mon,104,106,,https://jacksonaudubon.org/page-18108/6690858
2018-10-01,2018,Mon,145,157,,https://jacksonaudubon.org/page-18108/6701816
2018-10-08,2018,Mon,38,44,"text says 36, summary line 38",https://jacksonaudubon.org/page-18108/6713770
2018-10-15,2018,Mon,345,451,,https://jacksonaudubon.org/page-18108/6741215
2018-10-22,2018,Mon,903,1334,,https://jacksonaudubon.org/page-18108/6862643
2018-10-29,2018,Mon,617,1200,,https://jacksonaudubon.org/page-18108/6878901
2018-11-05,2018,Mon,312,802,,https://jacksonaudubon.org/page-18108/6890512
2018-11-12,2018,Mon,74,106,,https://jacksonaudubon.org/page-18108/6901888
2019-09-09,2019,Mon,5,47,,https://jacksonaudubon.org/page-18108/7872635
2019-09-16,2019,Mon,10,63,,https://jacksonaudubon.org/page-18108/7884229
2019-09-23,2019,Mon,83,157,,https://jacksonaudubon.org/page-18108/7895366
2019-09-30,2019,Mon,18,22,,https://jacksonaudubon.org/page-18108/7910650
2019-10-07,2019,Mon,2,10,,https://jacksonaudubon.org/page-18108/7921987
2019-10-14,2019,Mon,14,24,,https://jacksonaudubon.org/page-18108/7960068
2019-10-20,2019,Sun,,487,"Sunday greeter count used as official; ""majority landed""; roosting not given",https://jacksonaudubon.org/page-18108/8069741
2019-10-28,2019,Mon,20,120,"not on JAS blog; from archived haehnlesanctuary.org crane-count-archive page (""about 120 cranes with only 20 staying"")",https://web.archive.org/web/2019/https://www.haehnlesanctuary.org/crane-count-archive
2019-11-04,2019,Mon,2,21,,https://jacksonaudubon.org/page-18108/8093712
2020-09-21,2020,Mon,0,9,,https://jacksonaudubon.org/page-18108/9255226
2020-10-05,2020,Mon,2,132,,https://jacksonaudubon.org/page-18108/9285866
2020-10-12,2020,Mon,7,312,,https://jacksonaudubon.org/page-18108/9299920
2020-10-19,2020,Mon,324,534,,https://jacksonaudubon.org/page-18108/9318203
2020-10-26,2020,Mon,58,183,,https://jacksonaudubon.org/page-18108/9327677
2020-11-02,2020,Mon,377,1033,,https://jacksonaudubon.org/page-18108/9341530
2020-11-16,2020,Mon,699,1113,,https://jacksonaudubon.org/page-18108/9368975
2020-11-23,2020,Mon,1681,2506,,https://jacksonaudubon.org/page-18108/9383298
2020-11-30,2020,Mon,156,307,,https://jacksonaudubon.org/page-18108/9395845
2020-12-07,2020,Mon,41,115,,https://jacksonaudubon.org/page-18108/9411947
2021-09-27,2021,Mon,2,32,,https://jacksonaudubon.org/page-18108/11125910
2021-10-04,2021,Mon,2,8,,https://jacksonaudubon.org/page-18108/11140723
2021-10-11,2021,Mon,0,5,,https://jacksonaudubon.org/page-18108/11401788
2021-10-18,2021,Mon,10,18,,https://jacksonaudubon.org/page-18108/11604901
2021-10-25,2021,Mon,0,9,,https://jacksonaudubon.org/page-18108/11932993
2021-11-01,2021,Mon,0,13,,https://jacksonaudubon.org/page-18108/12091085
2021-11-08,2021,Mon,0,43,,https://jacksonaudubon.org/page-18108/12111545
2021-11-16,2021,Tue,0,8,,https://jacksonaudubon.org/page-18108/12129917
2021-11-22,2021,Mon,18,27,,https://jacksonaudubon.org/page-18108/12143405
2021-11-29,2021,Mon,0,0,,https://jacksonaudubon.org/page-18108/12154988
2022-10-03,2022,Mon,19,,,https://jacksonaudubon.org/page-18108/12941579
2022-10-17,2022,Mon,147,197,,https://jacksonaudubon.org/page-18108/12957800
2022-10-24,2022,Mon,294,360,,https://jacksonaudubon.org/page-18108/12965751
2022-10-31,2022,Mon,779,1297,"USFWS survey night; 1,714 more roosting on property north",https://jacksonaudubon.org/page-18108/12973403
2022-11-07,2022,Mon,2283,3461,,https://jacksonaudubon.org/page-18108/12981746
2022-11-14,2022,Mon,3331,,"est. additional 2,000-3,000 settling north of property",https://jacksonaudubon.org/page-18108/12989183
2022-11-21,2022,Mon,1600,,"""many more to the west and north not counted""",https://jacksonaudubon.org/page-18108/12997989
2022-11-28,2022,Mon,241,,"about 2,000 more to the west and north not counted",https://jacksonaudubon.org/page-18108/13005984
2022-12-05,2022,Mon,59,,,https://jacksonaudubon.org/page-18108/13014599
2023-09-18,2023,Mon,8,,,https://jacksonaudubon.org/page-18108/13256266
2023-09-25,2023,Mon,4,,,https://jacksonaudubon.org/page-18108/13259156
2023-10-02,2023,Mon,7,,,https://jacksonaudubon.org/page-18108/13262177
2023-10-09,2023,Mon,10,,,https://jacksonaudubon.org/page-18108/13265159
2023-10-16,2023,Mon,122,,,https://jacksonaudubon.org/page-18108/13268245
2023-10-23,2023,Mon,77,,,https://jacksonaudubon.org/page-18108/13270820
2023-10-30,2023,Mon,97,,,https://jacksonaudubon.org/page-18108/13273647
2023-11-06,2023,Mon,130,,,https://jacksonaudubon.org/page-18108/13276290
2023-11-13,2023,Mon,68,,,https://jacksonaudubon.org/page-18108/13279157
2023-11-20,2023,Mon,531,,,https://jacksonaudubon.org/page-18108/13281941
2023-11-27,2023,Mon,182,,,https://jacksonaudubon.org/page-18108/13284153
2024-09-16,2024,Mon,13,,,https://jacksonaudubon.org/page-18108/13407896
2024-09-23,2024,Mon,11,,,https://jacksonaudubon.org/page-18108/13411050
2024-09-30,2024,Mon,6,,,https://jacksonaudubon.org/page-18108/13414537
2024-10-07,2024,Mon,6,,,https://jacksonaudubon.org/page-18108/13416686
2024-10-14,2024,Mon,91,,,https://jacksonaudubon.org/page-18108/13419106
2024-10-21,2024,Mon,504,,,https://jacksonaudubon.org/page-18108/13422233
2024-10-28,2024,Mon,1046,,,https://jacksonaudubon.org/page-18108/13425061
2024-11-04,2024,Mon,1528,,,https://jacksonaudubon.org/page-18108/13427337
2024-11-11,2024,Mon,541,,,https://jacksonaudubon.org/page-18108/13429592
2024-11-18,2024,Mon,1292,,,https://jacksonaudubon.org/page-18108/13432613
2024-11-25,2024,Mon,1866,,,https://jacksonaudubon.org/page-18108/13434993
2024-12-02,2024,Mon,75,,,https://jacksonaudubon.org/page-18108/13437099
2025-09-15,2025,Mon,19,,,https://jacksonaudubon.org/page-18108/13542994
2025-09-22,2025,Mon,12,,,https://jacksonaudubon.org/page-18108/13545376
2025-09-29,2025,Mon,31,,,https://jacksonaudubon.org/page-18108/13547650
2025-10-06,2025,Mon,46,,,https://jacksonaudubon.org/page-18108/13550168
2025-10-13,2025,Mon,104,,,https://jacksonaudubon.org/page-18108/13552511
2025-10-20,2025,Mon,191,,,https://jacksonaudubon.org/page-18108/13554413
2025-10-27,2025,Mon,289,434,"USFWS survey night; 289 roosting + 145 flybys at Haehnle (Jackson Co. total 2,356)",https://jacksonaudubon.org/page-18108/13557830
2025-11-03,2025,Mon,1363,,,https://jacksonaudubon.org/page-18108/13560084
2025-11-10,2025,Mon,1482,,,https://jacksonaudubon.org/page-18108/13562070
2025-11-17,2025,Mon,1875,,,https://jacksonaudubon.org/page-18108/13564066
2025-11-24,2025,Mon,3455,,,https://jacksonaudubon.org/page-18108/13566964
2026-09-14,2026,Mon,3,,,https://jacksonaudubon.org/page-18108/13704363
2026-09-21,2026,Mon,5,,,https://jacksonaudubon.org/page-18108/13714742
2026-09-28,2026,Mon,3,,,https://jacksonaudubon.org/page-18108/13729061
