year,ep_index
1979,14385
1980,15808
1981,11943
1982,13879
1983,16148
1984,16363
1985,16170
1986,17043
1987,22342
1988,26086
1989,22785
1990,23792
1991,24685
1992,26656
1993,26187
1994,26783
1995,33774
1996,29753
1997,27641
1998,37827
1999,33583
2000,33105
2002,31575
2003,29300
2004,28822
2005,37708
2006,37529
2007,37943
2008,44110
2009,60028
2010,49647
2011,76028
2012,86989
2013,64213
2014,82694
2015,94676
2016,70858
2017,69989
2018,97073
2019,89504
2020,94961
2021,90029
2022,107164
2023,110646
2024,91485
