year,lat,lng,count
2010,42.524928,-88.412453,1256
2010,41.685512,-85.190613,550
2010,41.288145,-85.654244,40
2010,41.355441,-85.671696,20
2010,43.19286,-89.951902,1541
2010,43.8152,-89.9066,520
2010,41.149607,-86.94526,5670
2010,43.5661,-89.6138,2686
2010,42.53692785,-83.97134153,329
2010,41.89335772,-84.59002322,27
2010,41.74615059,-85.82910787,3
2010,42.03689569,-84.19076309,2
2010,42.432081,-84.02056,152
2010,42.11274889,-85.55362725,173
2010,38.925204,-85.800008,0
2010,40.981869,-87.496686,5
2010,41.5056992,-86.57584556,7
2010,45.688713,-92.789165,5221
2010,45.708632,-92.687826,5182
2010,42.39769233,-85.44431269,0
2010,42.39777056,-85.46507168,0
2010,42.39778751,-85.48381174,0
2010,42.39797787,-85.42461075,0
2010,42.39816822,-85.5034185,44
2010,42.411861,-85.483877,0
2010,42.41249234,-85.46515983,0
2010,42.51582823,-85.16249458,69
2010,42.52545735,-85.18912182,250
2010,43.09738895,-83.2194677,0
2010,43.11182532,-83.22045843,33
2010,42.49084617,-84.14741474,12
2010,42.50398735,-84.17005229,3
2010,42.50437527,-84.190095,38
2010,42.51753347,-84.15068408,11
2010,42.08057512,-84.39253482,10
2010,42.10463473,-84.45541345,0
2010,42.16784491,-84.37301371,51
2010,45.34068549,-87.52276952,23
2010,45.40450825,-87.6553196,68
2010,45.40766801,-87.63474264,0
2010,45.43340848,-87.65849477,0
2010,45.43649117,-87.52499886,0
2010,42.52301813,-85.18226658,54
2010,42.54977448,-86.1310483,8
2010,43.245064,-88.858571,12
2010,35.39782069,-84.99029683,163
2010,42.427012,-85.375042,0
2010,42.427142,-85.394685,0
2010,42.441494,-85.375021,0
2010,42.441707,-85.39452,12
2010,42.19656755,-84.54911011,27
2010,42.397534,-84.990885,6396
2010,44.134356,-88.924341,2500
2010,42.323098,-84.291077,2722
2010,42.156199,-85.5633065,0
2010,42.15953338,-85.56426237,1092
2010,42.63284038,-88.15714411,6
2010,44.032694,-89.274111,979
2010,41.98694277,-85.29607933,69
2010,42.48895072,-85.40550374,350
2010,42.5006226,-85.41540183,170
2010,42.82718123,-83.62993026,24
2010,42.83321291,-83.63084967,6
2010,42.85562212,-83.64837524,12
2010,43.68563,-89.55371,1323
2010,42.31469031,-84.36297208,32
2010,42.157822,-84.278562,395
2010,42.301536,-84.131543,289
2010,42.34271757,-84.27978591,536
2010,43.347069,-84.0429,362
2010,43.362041,-84.011313,0
2010,42.231872,-84.944948,168
2010,42.773904,-83.814262,449
2010,42.14446494,-85.66524764,0
2010,42.14738107,-85.70211704,748
2010,42.15173548,-85.70404441,0
2010,42.16421922,-85.66145171,0
2010,42.17088145,-85.65059848,0
2010,42.38568766,-84.17206098,286
2010,43.170659,-85.165049,94
2010,42.06156983,-85.59978503,10
2010,42.476081,-85.352313,125
2010,42.40476118,-85.33647137,127
2010,42.844045,-84.330688,236
2010,42.49488,-85.325587,221
2010,42.40118111,-84.62612446,2
2010,42.40525998,-84.61826256,144
2010,42.20236595,-85.25735132,959
2010,41.749023,-86.00713,127
2010,42.035645,-84.506684,9
2010,44.22715771,-84.94248554,20
2010,44.22732566,-84.96258136,15
2010,44.32983494,-85.04491753,40
2010,44.39492785,-84.96988084,2
2010,44.25611066,-84.9427827,5
2010,44.32852051,-84.94445627,4
2010,44.31389793,-84.96941281,360
2010,41.98611635,-85.38694733,39
2010,42.15242261,-84.2009103,71
2010,41.91905174,-85.47798418,47
2010,42.63501827,-86.16799553,419
2010,42.90043148,-83.51536913,44
2010,42.90845457,-83.50527002,98
2010,41.86926673,-86.05850499,737
2010,41.942197,-85.04374,80
2010,41.777943,-84.97478,23
2010,30.78915611,-82.29045148,52
2010,42.81312592,-83.61809214,71
2010,41.94781907,-86.03936329,0
2010,41.96221005,-86.0394204,435
2010,44.2570269,-83.93679324,900
2010,42.78975654,-84.43967638,3
2010,42.40589583,-84.1035317,40
2010,39.809481,-85.512916,30
2010,43.466503,-88.627223,415
2010,43.66170323,-84.75788613,150
2010,42.31343333,-84.14383707,16
2010,42.23729357,-84.09964043,284
2010,42.65931677,-85.61355453,5
2010,42.79153176,-85.20286966,2
2011,44.52765305,-88.61930884,558
2011,41.143607,-86.93826,6607
2011,41.748216,-86.01717,100
2011,44.649107,-88.533239,6088
2011,44.641545,-88.618924,2017
2011,40.711637,-82.088849,89
2011,42.52745735,-85.18912182,460
2011,42.48096615,-85.39814252,227
2011,43.8152,-89.9056,706
2011,42.38568766,-84.17106098,36
2011,42.121672,-85.505542,16
2011,42.50191754,-88.37341268,0
2011,42.50191754,-88.41266476,0
2011,42.53080237,-88.37367349,641
2011,45.707632,-92.687826,0
2011,45.80789685,-92.64576579,12957
2011,42.10611082,-85.55188962,161
2011,38.930204,-85.795008,4
2011,38.99072405,-87.16455494,1
2011,41.288145,-85.651244,8
2011,41.355441,-85.668696,2
2011,41.455342,-86.584983,427
2011,42.02325433,-84.12059016,16
2011,45.53349,-93.755292,5352
2011,42.35707323,-84.27990725,8
2011,42.99388251,-83.25214005,30
2011,43.00802179,-83.2724895,2
2011,43.06944256,-83.17888312,4
2011,44.25912161,-83.94120348,507
2011,44.26473714,-83.9389192,0
2011,44.26897258,-83.86582216,0
2011,45.17877135,-87.65643255,75
2011,42.3585135,-84.26281396,723
2011,42.61052,-85.363309,5
2011,45.3100015,-87.52407762,32
2011,42.79968,-85.074488,2
2011,42.377548,-84.080018,5
2011,42.811511,-85.193255,2
2011,42.49084617,-84.14941474,39
2011,42.53409545,-84.32702512,10
2011,42.322098,-84.290077,20
2011,42.396534,-84.989885,5817
2011,33.220284,-83.755757,0
2011,42.31469031,-84.36497208,782
2011,44.00420314,-89.31770589,0
2011,44.00448976,-89.35654202,0
2011,44.01882043,-89.35639871,1825
2011,42.156822,-84.277562,663
2011,42.300536,-84.130543,188
2011,42.31982,-84.334015,1406
2011,42.409986,-85.483329,62
2011,42.152054,-84.206599,47
2011,41.86762124,-84.29987183,21
2011,42.40608354,-84.61958947,141
2011,42.227872,-84.943948,131
2011,42.771904,-83.813262,587
2011,43.091429,-84.277903,234
2011,44.09074563,-88.93613776,0
2011,44.09074563,-88.95631675,0
2011,44.134356,-88.923341,5400
2011,44.14865141,-88.93591833,0
2011,44.346502,-90.175496,1988
2011,43.169659,-85.164049,110
2011,42.53692785,-83.97034153,307
2011,41.87226673,-86.05650499,588
2011,42.801136,-84.43845,110
2011,42.477081,-85.351313,672
2011,42.205826,-85.263195,842
2011,42.258928,-85.352708,4
2011,42.15953338,-85.56326237,672
2011,42.18607691,-84.55109096,33
2011,42.15088792,-85.52030764,27
2011,41.777943,-84.97878,23
2011,42.48097702,-84.34012595,120
2011,42.427012,-85.376042,0
2011,42.427142,-85.395685,139
2011,42.441494,-85.376021,0
2011,42.441707,-85.39552,0
2011,42.931128,-84.503413,3
2011,42.16784491,-84.37401371,5
2011,43.68563,-89.55271,1832
2011,42.90017867,-83.5155157,31
2011,42.90901242,-83.50427275,131
2011,42.843045,-84.329688,145
2011,42.633985,-86.152641,572
2011,41.943197,-85.04374,2
2011,41.94735,-85.066313,113
2011,42.431081,-84.01956,108
2011,42.16468107,-85.69669382,34
2011,42.49388,-85.324587,180
2011,43.466503,-88.628223,5267
2011,30.79015611,-82.29145148,85
2011,42.40194777,-84.14062058,78
2011,44.24362071,-85.08357252,10
2011,44.31346274,-84.88381717,2314
2011,41.685512,-85.192613,278
2011,43.5661,-89.6128,2368
2011,43.19344,-89.97108,1479
2011,35.39482069,-84.99229683,87
2011,42.036488,-84.56493,6
2011,42.036645,-84.506684,24
2012,44.65359838,-88.53424593,9333
2012,44.67101577,-88.67659562,532
2012,44.672992,-88.675646,0
2012,41.88924093,-84.5957315,10
2012,41.92217647,-84.5083331,13
2012,41.943197,-85.04274,72
2012,42.036645,-84.508684,14
2012,42.90003587,-83.51592352,57
2012,42.90901242,-83.50327275,121
2012,43.168659,-85.165049,75
2012,42.430081,-84.02056,175
2012,42.15342261,-84.2009103,6
2012,44.30352333,-84.86751341,0
2012,42.842045,-84.330688,251
2012,44.345502,-90.175496,1550
2012,44.33052981,-84.82394418,0
2012,41.862978,-84.304765,2
2012,40.978869,-87.499686,12
2012,43.348522,-89.30497577,339
2012,44.048769,-90.150807,0
2012,44.067467,-90.182215,0
2012,44.068032,-90.170427,0
2012,44.145346,-90.177164,1831
2012,44.147205,-90.154353,0
2012,41.455342,-86.580983,525
2012,42.11374889,-85.55362725,10
2012,44.2226,-83.937,1008
2012,41.678813,-85.185083,978
2012,42.07610863,-84.40530144,20
2012,42.16007981,-84.42752561,4
2012,42.167591,-84.375526,7
2012,42.633985,-86.151641,197
2012,41.96642635,-85.0867658,49
2012,43.02490241,-83.17585491,17
2012,43.08112,-83.276341,120
2012,38.99072405,-87.16155494,9
2012,42.50049455,-85.19052211,7
2012,42.50118923,-85.17090687,4
2012,42.51565635,-85.18153711,3
2012,42.5224973,-85.15805778,15
2012,44.09073758,-88.97644005,0
2012,44.09074563,-88.95431675,0
2012,44.11971127,-88.95601025,0
2012,44.14865141,-88.93491833,1278
2012,42.321098,-84.291077,5012
2012,42.18198802,-84.54964282,0
2012,42.18198802,-84.56917565,0
2012,42.19656755,-84.55011011,60
2012,42.395534,-84.990885,7663
2012,42.62865599,-88.12786438,0
2012,42.63284038,-88.15614411,451
2012,42.407907,-84.61618,162
2012,42.238041,-84.101625,88
2012,42.299536,-84.131543,24
2012,44.01868128,-89.25714751,0
2012,44.01877646,-89.31759534,0
2012,44.01877646,-89.33767799,0
2012,44.03332803,-89.27595822,691
2012,41.93118925,-86.04408537,1293
2012,42.53692785,-83.96934153,382
2012,43.19186,-89.952902,2539
2012,42.155822,-84.278562,829
2012,42.31443333,-84.14383707,178
2012,42.3495,-84.24587,157
2012,42.40589583,-84.1045317,33
2012,42.802623,-83.6127396,67
2012,42.81111097,-83.61860138,2
2012,43.10022,-84.29158,375
2012,42.771904,-83.814262,627
2012,41.93110763,-85.47462313,335
2012,41.94569927,-86.02157498,176
2012,42.38568766,-84.17006098,10
2012,42.477081,-85.351313,63
2012,42.48096615,-85.39714252,271
2012,42.49288,-85.325587,73
2012,43.41543453,-86.34058845,34
2012,42.41098401,-85.46957848,197
2012,43.362041,-84.009313,206
2012,44.6965,-89.8145,2101
2012,44.7073,-89.9119,0
2012,42.16468107,-85.69569382,353
2012,42.229872,-84.944948,882
2012,42.15953338,-85.56226237,1461
2012,41.90439497,-85.4779348,26
2012,42.204826,-85.267195,833
2012,42.40476118,-85.33747137,301
2012,44.3681,-83.4498,55
2012,43.24011023,-88.86751728,91
2012,35.39682069,-84.99329683,551
2012,42.51641534,-88.41291221,0
2012,42.524928,-88.411453,1484
2012,42.53083089,-88.37369021,0
2012,42.53097724,-88.39315486,0
2012,45.708632,-92.688826,0
2012,45.80889685,-92.64676579,12016
2012,40.734863,-82.097234,47
2012,43.8142,-89.9066,687
2012,41.145607,-86.94226,9602
2012,45.176452,-87.639213,297
2012,41.987353,-85.312657,3
2012,45.52949,-93.755292,4600
2012,43.552992,-88.617641,4932
2012,43.602612,-88.653772,0
2012,43.6185,-88.658917,0
2012,43.636323,-88.647707,0
2012,43.466503,-88.626223,442
2012,43.5661,-89.6138,3720
2012,30.79115611,-82.29045148,48
2012,43.42182,-89.526,379
2012,43.68463,-89.55371,1436
2013,44.0675126,-90.18224526,0
2013,44.06817247,-90.17142342,1526
2013,44.14537705,-90.17709829,0
2013,44.14735665,-90.15439882,0
2013,42.53592785,-83.97034153,573
2013,42.226674,-84.094599,52
2013,42.19491358,-85.26682448,849
2013,42.8106714,-83.61849982,5
2013,42.801623,-83.6137396,93
2013,42.112148,-85.609599,0
2013,42.10511082,-85.55288962,0
2013,42.11374889,-85.55262725,19
2013,42.120672,-85.506542,3
2013,41.504978,-76.42651,3
2013,42.40214679,-84.31977828,117
2013,42.17953947,-84.54619368,32
2013,42.19251523,-84.55651915,74
2013,42.47523022,-84.32665167,0
2013,42.48951835,-84.34660579,6
2013,42.48968258,-84.32673379,0
2013,44.039,-86.447,40
2013,42.31443333,-84.14283707,168
2013,42.300536,-84.132543,31
2013,43.19244,-89.97108,1733
2013,41.80800089,-84.21293391,2
2013,42.843045,-84.331688,207
2013,42.39769233,-85.44531269,0
2013,42.39778751,-85.48481174,0
2013,42.39797787,-85.42561075,0
2013,42.39797787,-85.46510981,0
2013,42.39816822,-85.5044185,180
2013,42.34271757,-84.27878591,82
2013,42.15853338,-85.56326237,1184
2013,42.15342261,-84.1999103,33
2013,40.981869,-87.501686,6
2013,41.149607,-86.94326,8445
2013,41.611,-76.287,7
2013,41.675813,-85.187083,687
2013,42.396112,-84.587366,235
2013,44.650764,-88.534042,1909
2013,45.175452,-87.640213,198
2013,41.45823668,-86.59684545,545
2013,42.01569457,-84.18967157,5
2013,45.709632,-92.687826,13327
2013,45.80989685,-92.64576579,0
2013,42.165625,-84.205961,187
2013,42.34050044,-84.25938436,0
2013,45.53049,-93.756292,5918
2013,40.73752157,-82.1198446,47
2013,43.00688099,-83.33108745,0
2013,43.06775162,-83.23702534,0
2013,43.08158229,-83.25763835,72
2013,43.11296544,-83.18131956,0
2013,43.14229359,-83.18270884,0
2013,42.07715768,-84.37537883,41
2013,42.16517635,-84.39664363,29
2013,41.9509766,-85.0617445,20
2013,41.95632,-85.039159,22
2013,41.9871622,-85.04234525,19
2013,41.9190858,-86.05943947,700
2013,41.30009415,-85.64026498,20
2013,42.49190234,-85.15351698,2
2013,42.52148958,-85.19225049,160
2013,42.52388357,-85.19200496,24
2013,42.52645735,-85.18812182,9
2013,41.0964435,-80.1895909,17
2013,46.003,-83.497,200
2013,43.465503,-88.627223,593
2013,43.55291222,-88.61850549,0
2013,43.60234644,-88.65460396,0
2013,43.62074057,-88.63000182,0
2013,43.63637558,-88.64839595,0
2013,42.322098,-84.292077,731
2013,43.24311023,-88.86751728,0
2013,41.97760433,-85.30266065,55
2013,41.98611635,-85.38794733,4
2013,42.156822,-84.279562,159
2013,42.230872,-84.945948,670
2013,42.3485,-84.24687,745
2013,42.62764038,-88.12689411,4
2013,41.87019156,-84.30827707,2
2013,43.8152,-89.9076,414
2013,42.772904,-83.815262,646
2013,42.90801242,-83.50427275,135
2013,42.396534,-84.991885,3791
2013,44.30452333,-84.86751341,520
2013,44.69628258,-89.81715703,0
2013,44.7043,-89.9109,1949
2013,42.23101006,-85.30648487,157
2013,43.348522,-89.30397577,7
2013,43.41543453,-86.33958845,2
2013,42.238155,-84.101601,38
2013,43.169659,-85.166049,185
2013,42.800136,-84.43945,226
2013,44.2236,-83.938,1400
2013,42.61860485,-86.15089165,31
2013,42.632985,-86.152641,33
2013,43.361041,-84.010313,586
2013,42.16368107,-85.69669382,575
2013,44.3671,-83.4508,68
2013,41.91170457,-85.47912949,265
2013,42.06856508,-85.7066448,0
2013,42.257,-85.35587393,23
2013,42.3953762,-85.34080846,148
2013,44.52765305,-88.62030884,19
2013,43.10201111,-84.26797653,605
2013,42.38468766,-84.17106098,257
2013,42.90003587,-83.51492352,21
2013,42.51742243,-88.41289562,0
2013,42.53087956,-88.37366393,0
2013,42.53100693,-88.39321609,0
2013,42.53107062,-88.41302299,2323
2013,44.65476437,-88.69286632,421
2013,44.672992,-88.674646,0
2013,42.464,-85.368,275
2013,42.47924543,-85.35569941,21
2013,42.49388,-85.326587,171
2013,43.5651,-89.6138,1802
2013,41.94569927,-86.02057498,55
2013,41.618101,-80.1895909,71
2013,42.431081,-84.02156,42
2013,44.35291,-90.16314,2057
2013,43.42182,-89.525,454
2013,43.68563,-89.55471,1501
2013,30.78915611,-82.28945148,45
2013,35.39782069,-84.99429683,48
2014,42.431081,-84.01856,156
2014,43.21400446,-88.85853279,3
2014,41.504978,-76.42351,3
2014,41.0009705073,-87.4566759827,1
2014,41.5056992,-86.57284556,8
2014,41.611,-76.284,17
2014,41.68,-75.714,2
2014,44.34689761,-90.17872603,3193
2014,44.65359838,-88.53224593,7301
2014,44.066467,-90.182215,0
2014,44.067032,-90.171427,0
2014,44.144346,-90.177164,541
2014,44.146205,-90.154353,0
2014,45.175452,-87.639213,2
2014,41.147607,-86.93826,5950
2014,42.03908,-84.191088,23
2014,40.7285638,-82.0889151,105
2014,42.036645,-84.503684,33
2014,42.122,-84.422,4
2014,42.383,-84.314,129
2014,42.464,-85.252,172
2014,42.465,-85.481,300
2014,42.551,-85.136,6
2014,43.08112,-83.277341,186
2014,43.08191,-84.279644,561
2014,43.10022,-84.29258,262
2014,44.56721968,-88.60333669,622
2014,42.07715768,-84.37237883,35
2014,41.96642635,-85.0837658,49
2014,41.9871622,-85.03934525,19
2014,43.364041,-84.010313,569
2014,41.0964435,-80.1865909,4
2014,43.991412,-86.272425,33
2014,42.31443333,-84.14183707,187
2014,42.396112,-84.588366,66
2014,42.403634,-84.633278,51
2014,41.68455691,-85.19207641,526
2014,42.230872,-84.942948,727
2014,43.19344,-89.97208,2452
2014,42.772904,-83.814262,601
2014,42.396534,-84.990885,3755
2014,42.238155,-84.102601,270
2014,42.300536,-84.131543,22
2014,42.843045,-84.330688,318
2014,44.30352333,-84.86651341,785
2014,44.69203781,-89.93550825,3105
2014,44.2236,-83.936,1315
2014,42.464,-85.367,532
2014,42.61860485,-86.14989165,428
2014,42.19491358,-85.26382448,1250
2014,41.618101,-80.1865909,67
2014,42.121672,-85.506542,20
2014,42.226674,-84.091599,40
2014,43.347522,-89.30497577,2
2014,41.91170457,-85.47612949,500
2014,42.254951,-85.362046,85
2014,44.3681,-83.4508,36
2014,42.411861,-85.484877,587
2014,42.38468766,-84.17006098,176
2014,42.108,-85.702,203
2014,42.15853338,-85.56026237,486
2014,42.802623,-83.6137396,76
2014,44.08338,-86.36672,0
2014,45.687713,-92.789165,0
2014,45.707632,-92.686826,0
2014,45.80789685,-92.64476579,0
2014,45.846071,-92.62295,0
2014,45.874839,-92.621871,21222
2014,44.67101577,-88.67459562,2761
2014,45.53149,-93.755292,8600
2014,42.10511082,-85.54988962,129
2014,42.10611082,-85.54888962,736
2014,42.165625,-84.204961,149
2014,42.7336,-84.2033,22
2014,42.800136,-84.43845,226
2014,43.42082,-89.526,314
2014,43.8132,-89.9066,570
2014,41.45029914,-86.57650165,648
2014,42.213,-84.536,45
2014,43.58452365,-88.62422044,117
2014,42.62964038,-88.12889411,0
2014,42.63184038,-88.15714411,296
2014,42.31982,-84.333015,166
2014,42.383,-84.313,2174
2014,43.5661,-89.6148,3612
2014,38.929204,-85.800008,96
2014,45.3475,-84.6666,9
2014,45.4155,-84.6458,30
2014,43.172659,-85.166049,90
2014,35.39882069,-84.99329683,175
2014,42.322098,-84.291077,39
2014,43.68663,-89.55371,1421
2014,41.749023,-86.00813,5
2014,42.133,-84.166,85
2015,43.96971907,-86.30986337,5
2015,45.688713,-92.790165,11352
2015,45.709632,-92.688826,0
2015,45.847071,-92.62395,0
2015,40.7251913,-82.08406928,78
2015,43.08012,-83.277341,156
2015,43.08158229,-83.25763835,16
2015,43.08282787,-83.21902053,3
2015,44.02827449,-86.37051369,0
2015,44.04231812,-86.35044459,73
2015,44.0429349,-86.37065603,0
2015,44.03155445,-86.15802048,2
2015,42.44376812,-84.37448953,0
2015,42.50198043,-84.37448953,5
2015,42.48968258,-84.32473379,18
2015,41.677813,-85.188083,287
2015,42.62865599,-88.12686438,0
2015,42.63284038,-88.15814411,112
2015,42.773904,-83.815262,295
2015,42.48190054,-85.3874115,20
2015,42.3585135,-84.26181396,85
2015,41.46123668,-86.59284545,1200
2015,42.384506,-84.01154,3
2015,42.802623,-83.6147396,165
2015,42.634985,-86.152641,465
2015,43.33285707,-84.04245331,768
2015,43.361041,-84.009313,0
2015,42.238155,-84.103601,192
2015,44.2226,-83.936,2488
2015,41.285145,-85.653244,34
2015,42.226674,-84.096599,236
2015,42.38468766,-84.17006098,258
2015,41.74615059,-85.82610787,2
2015,41.749023,-86.00613,88
2015,42.257,-85.35387393,240
2015,45.176452,-87.641213,197
2015,40.980869,-87.499686,6
2015,41.4839,-76.3869,2
2015,41.608,-76.287,26
2015,41.611,-76.29,3
2015,44.69103781,-89.93650825,1210
2015,44.65359838,-88.53424593,20626
2015,41.142607,-86.94226,7010
2015,42.07415768,-84.37537883,14
2015,42.16517635,-84.39564363,23
2015,41.0934435,-80.1895909,26
2015,45.55963672,-84.40249781,44
2015,45.50277985,-84.43454231,3
2015,42.02568462,-84.13489547,4
2015,44.3135122,-84.9039989,530
2015,42.49488,-85.326587,224
2015,42.1648003,-85.71618042,135
2015,42.16568107,-85.69669382,0
2015,42.3951361,-84.35517816,4
2015,41.615101,-80.1895909,84
2015,41.20676432,-87.02126683,1516
2015,44.34632985,-90.17768849,5159
2015,45.52949,-93.753292,11331
2015,44.048769,-90.151807,0
2015,44.067467,-90.183215,0
2015,44.068032,-90.172427,0
2015,44.145346,-90.178164,1227
2015,44.147205,-90.155353,0
2015,44.671992,-88.675646,786
2015,44.08974563,-88.95631675,555
2015,42.182987,-84.298072,95
2015,46.23335482,-85.94278369,2
2015,42.52269889,-88.41271994,156
2015,42.033645,-84.506684,12
2015,43.19144,-89.97108,2131
2015,42.19491358,-85.26582448,400
2015,42.20948906,-85.26711508,0
2015,45.591523,-84.579618,22
2015,42.112148,-85.611599,1586
2015,42.231872,-84.945948,550
2015,42.11282771,-85.55828411,64
2015,42.18198802,-84.54864282,40
2015,42.19656755,-84.55111011,40
2015,45.39755751,-83.92936537,2
2015,41.91905174,-85.47398418,186
2015,41.99215574,-85.30278679,7
2015,42.14937638,-85.55864656,940
2015,41.95248138,-85.08401568,110
2015,41.95634714,-85.04990346,26
2015,41.96564153,-85.0695545,3
2015,41.9871622,-85.04134525,19
2015,41.87126673,-86.05950499,1970
2015,41.94469927,-86.02157498,187
2015,42.157822,-84.279562,259
2015,42.844045,-84.331688,224
2015,42.53013596,-85.20083593,38
2015,42.32835044,-84.27985068,1615
2015,42.397534,-84.991885,3078
2015,43.5651,-89.6128,4418
2015,42.299536,-84.130543,75
2015,42.41679883,-84.61542865,163
2015,42.35007323,-84.27290725,1125
2015,42.167625,-84.205961,328
2015,42.75580744,-84.18758082,54
2015,42.48161397,-85.45440483,600
2015,45.630578,-84.493093,12
2015,45.53591502,-84.3617413,3
2015,43.42382,-89.526,260
2015,43.8182,-89.9066,455
2015,42.801136,-84.44045,4
2015,43.51714258,-89.37243565,390
2015,43.68463,-89.55271,1081
2015,42.7086257,-85.45967767,48
2015,43.091429,-84.279903,1657
2015,42.15342261,-84.2019103,20
2015,43.2496,-88.844,0
2015,42.31443333,-84.14483707,171
2015,42.41254096,-85.47713539,634
2015,42.33220685,-83.96721011,25
2016,41.501978,-76.42651,3
2016,41.504978,-76.42951,4
2016,41.0964435,-80.1925909,37
2016,41.618101,-80.1925909,96
2016,44.67001577,-88.67659562,385
2016,44.65559838,-88.53524593,12525
2016,45.53149,-93.756292,7091
2016,44.2246,-83.937,1260
2016,44.34579891,-90.17863697,5214
2016,45.708632,-92.686826,5678
2016,45.848071,-92.62295,5601
2016,38.930204,-85.795008,4
2016,41.748023,-86.00713,180
2016,43.11296544,-83.18031956,116
2016,44.0483658,-86.22089252,52
2016,38.98772405,-87.16455494,2
2016,35.39682069,-84.98929683,22
2016,44.018759,-86.357952,22
2016,42.38201,-84.16834,89
2016,41.68143956,-85.18721988,964
2016,42.773855,-83.814021,386
2016,42.395534,-84.989885,1787
2016,42.205826,-85.268195,449
2016,42.237155,-84.102601,141
2016,42.633985,-86.153641,1391
2016,42.430399,-84.022124,2
2016,42.75580744,-84.18858082,38
2016,42.229872,-84.943948,334
2016,42.49288,-85.324587,83
2016,42.842045,-84.329688,296
2016,43.363041,-84.010313,679
2016,42.16053338,-85.56326237,22
2016,44.01228386,-86.23071081,23
2016,44.3681,-83.4518,38
2016,41.287145,-85.654244,9
2016,42.14985782,-85.69670799,0
2016,42.16468107,-85.69769382,238
2016,42.111148,-85.610599,3075
2016,44.05521624,-86.17056793,221
2016,42.481774,-85.38945,120
2016,40.98641108,-87.50165343,5
2016,41.45723668,-86.59384545,1305
2016,42.63284038,-88.15114411,0
2016,42.771904,-83.813262,517
2016,42.39701,-84.32062,0
2016,45.25518208,-85.29812734,150
2016,42.31369031,-84.36497208,700
2016,42.1965757,-84.56969656,6
2016,42.19756755,-84.55011011,2
2016,45.58459616,-84.43971722,7
2016,42.321098,-84.290077,8
2016,42.354431,-84.284564,1240
2016,42.155822,-84.277562,490
2016,42.225674,-84.095599,54
2016,42.166625,-84.206961,91
2016,44.52152397,-88.61901205,107
2016,45.17794285,-87.65147896,103
2016,41.145607,-86.93826,8060
2016,43.1041126,-84.27939659,1860
2016,42.151054,-84.207599,68
2016,40.73548431,-82.08988348,110
2016,41.95532,-85.040159,29
2016,41.96009902,-85.08127055,85
2016,44.69628258,-89.81615703,2016
2016,44.7033,-89.9119,136
2016,42.182987,-84.297072,99
2016,42.58728911,-80.51707359,2
2016,42.58985893,-80.51079181,24
2016,42.59145793,-80.50770803,2
2016,42.59263814,-80.49464003,17
2016,42.59463689,-80.49582976,4
2016,42.60244152,-80.48086295,3
2016,42.60643901,-80.48079157,165
2016,42.61186418,-80.46703828,7
2016,42.51642243,-88.41189562,0
2016,42.53100693,-88.39221609,20
2016,42.53107062,-88.41202299,0
2016,41.21176432,-87.02026683,1906
2016,44.38715625,-78.85307962,185
2016,44.43701785,-78.88106209,113
2016,42.11497,-85.609713,2485
2016,42.471974101586,-85.292060076501,0
2017,42.256651,-85.351418,2
2017,42.16053338,-85.56026237,2771
2017,41.436332,-75.575689,6
2017,41.507978,-76.42651,5
2017,41.0994435,-80.1895909,58
2017,41.4839,-76.3839,25
2017,41.621101,-80.1895909,76
2017,42.412577,-85.484171,450
2017,44.67001577,-88.67559562,1067
2017,45.849071,-92.62295,10929
2017,44.527943,-88.625574,2987
2017,43.4036,-89.30149,63
2017,44.65459838,-88.53424593,8812
2017,42.522485,-88.412991,280
2017,42.399637,-84.323947,0
2017,42.354431,-84.277564,159
2017,44.01228386,-86.22971081,0
2017,44.0483658,-86.21989252,373
2017,43.11296544,-83.17931956,17
2017,35.39382069,-84.99229683,0
2017,43.58752365,-88.62422044,2814
2017,44.09242576,-86.27597,41
2017,44.06055983,-86.34572957,4
2017,42.4443123,-84.05866704,2
2017,42.35514,-84.283026,90
2017,42.321098,-84.289077,4
2017,42.430399,-84.021124,83
2017,42.149657,-84.213454,112
2017,42.31369031,-84.36397208,2233
2017,43.19644,-89.97108,1922
2017,42.252697,-83.89564,95
2017,42.388276,-83.91852553,1
2017,42.845045,-84.329688,265
2017,43.1041126,-85.9449,1281
2017,42.237155,-84.099601,128
2017,46.2868,-84.010313,563
2017,46.300549,-85.95164,2
2017,44.3711,-83.4518,30
2017,45.17794285,-87.65047896,192
2017,45.18720335,-87.65986723,0
2017,40.738318,-82.085702,13
2017,38.99072405,-87.16755494,2
2017,40.98641108,-87.49865343,8
2017,41.142607,-86.94126,5271
2017,41.21176432,-87.02526683,497
2017,41.287145,-85.651244,13
2017,41.45723668,-86.59084545,765
2017,41.68143956,-85.18421988,201
2017,41.748023,-86.00413,66
2017,41.95532,-85.037159,23
2017,41.967543,-85.079634,115
2017,41.96009902,-85.07827055,12
2017,40.700616,-81.9878,152
2017,44.69628258,-89.81315703,3369
2017,44.7043,-89.9089,200
2017,42.62776,-88.16438,467
2017,43.8152,-89.9036,405
2017,43.42106,-89.528697,163
2017,42.75580744,-84.18558082,21
2017,42.77038734,-84.20795521,0
2017,42.0351513,-84.1783569,47
2017,42.38205,-84.1683,118
2017,44.2246,-83.936,894
2017,42.48190054,-85.3894115,29
2017,42.113088,-84.442709,12
2017,45.53449,-93.756292,10026
2017,42.155822,-84.274562,421
2017,43.5661,-89.6108,1866
2017,42.395534,-84.988885,1548
2017,42.225674,-84.092599,128
2017,42.1965757,-84.56669656,31
2017,42.19756755,-84.54711011,0
2017,42.39317,-84.58624,83
2017,42.378056,-84.539722,3
2017,43.58563,-89.55371,870
2017,42.49288,-85.323587,98
2017,44.33581,-84.82397,1705
2017,45.58459616,-84.43971722,26
2017,42.633985,-86.148641,1287
2017,42.771904,-83.810262,832
2017,42.888587,-83.580669,75
2017,42.90017867,-83.5145157,0
2017,42.90901242,-83.50527275,185
2017,42.16707,-84.204863,0
2018,42.159476,-84.312928,27
2018,38.99075405,-87.16455494,0
2018,41.5126,-86.5762,0
2018,41.45423668,-86.59384545,2383
2018,44.527943,-88.624574,6275
2018,41.0994435,-80.1925909,20
2018,41.494243,-76.038493,3
2018,41.501978,-76.42351,5
2018,41.601086,-75.701017,3
2018,41.621101,-80.1925909,71
2018,41.632965,-76.340868,4
2018,40.97986,-87.500396,17
2018,44.66816,-88.68295,905
2018,41.352948,-85.6737,3
2018,44.65459838,-88.53624593,15870
2018,41.749317,-86.006365,24
2018,38.940527,-85.809412,0
2018,38.954777,-85.803061,0
2018,41.6854,-85.1935,1210
2018,39.389729,-86.043628,0
2018,41.29148,-85.65369,64
2018,41.744582,-85.829426,42
2018,41.927275,-84.592966,8
2018,42.0147,-84.592877,14
2018,42.073354,-84.377803,8
2018,42.105833,-84.417222,18
2018,38.8919,-86.0927,0
2018,43.106151,-83.186336,68
2018,43.965383,-86.201325,43
2018,44.020631,-86.3401,98
2018,42.320098,-84.290077,617
2018,42.6306,-88.161,0
2018,42.423001,-84.082292,3
2018,42.414529,-85.476582,500
2018,42.407971,-84.08498,5
2018,42.432466,-84.020541,61
2018,44.367,-83.456,14
2018,41.20176432,-87.01526683,1369
2018,42.320565,-84.329512,0
2018,44.0962,-86.2675,341
2018,42.238312,-84.102472,237
2018,42.152822,-84.277562,604
2018,42.803,-83.615,74
2018,43.325367,-84.037682,1510
2018,43.356651,-84.014099,10
2018,42.1656311,-84.2051169,51
2018,42.35514,-84.290026,1380
2018,44.054095,-86.177225,72
2018,45.81049,-92.6817,9022
2018,45.17572,-87.640421,42
2018,41.145607,-86.94426,5965
2018,42.3571615,-84.2602293,150
2018,40.709553,-83.281773,0
2018,41.963392,-84.99759,176
2018,41.435771,-80.793707,41
2018,41.680307,-84.693841,0
2018,41.607327,-83.209651,0
2018,40.752679,-82.091832,137
2018,43.573769,-88.647773,2152
2018,44.6965,-89.8175,2321
2018,44.33524,-84.82397,2310
2018,44.2079,-83.9376,1027
2018,43.5691,-89.6138,5105
2018,42.38205,-84.1673,66
2018,42.3951289,-84.9974012,6928
2018,42.115439,-85.610315,2106
2018,44.902128,-87.845455,765
2018,43.411,-89.296,0
2018,39.544081,-84.997579,0
2018,45.512353,-93.755383,8028
2018,42.772389,-83.815571,247
2018,43.42406,-89.528697,368
2018,43.8152,-89.9096,1150
2018,36.255982,-88.982079,0
2018,35.39682069,-84.99529683,0
2018,45.607292,-84.50134,4
2018,42.628759,-86.143154,1140
2018,44.142494,-90.191249,2
2018,44.061529,-90.168361,257
2018,44.34879891,-90.17863697,5674
2018,42.39317,-84.58524,204
2018,44.073753,-90.183784,436
2018,43.58863,-89.55371,1749
2018,44.052165,-90.151444,240
2018,44.097087,-88.96778,2366
2018,42.194372,-84.548669,13
2018,42.028775,-84.167836,23
2018,42.149657,-84.210454,0
2018,42.84533,-84.33082,486
2018,42.49388,-85.324587,70
2018,42.050363,-84.171708,2
2018,42.888,-83.581,95
2018,42.256706,-85.35367,0
2018,46.282249,-85.9651,0
2018,43.19344,-89.96808,1900
2018,42.909,-83.504,275
2019,41.154598013239,-86.945946501767,4334
2019,39.390513077645,-86.043551381634,0
2019,39.382079501672,-86.00715637207,0
2019,45.847364232039,-92.624234687736,8748
2019,45.881708242556,-92.617725747359,519
2019,45.860462234815,-92.602667276822,45
2019,45.817575083753,-92.674190823701,551
2019,45.709390878919,-92.690072379287,1244
2019,45.693734973415,-92.731927004501,2858
2019,45.716072603076,-92.752942863488,202
2019,45.742543652287,-92.779502917363,376
2019,41.675796004341,-85.186929062302,960
2019,39.53497105282,-75.589241364024,0
2019,41.361224773722,-85.675044084143,2
2019,40.982527017936,-87.507911169631,4
2019,44.67313723666,-88.675747399241,653
2019,44.64962548799,-88.533691232222,4124
2019,42.320933342203,-84.326985363335,547
2019,42.159474733499,-84.312851376537,0
2019,38.98022167912,-87.212721440416,9
2019,41.216047516742,-87.042591176556,728
2019,42.393836907783,-84.998254239859,2378
2019,42.629565133934,-86.150337956015,0
2019,41.297023540461,-85.658724460602,34
2019,42.116688400928,-85.610551986694,3230
2019,41.750665500754,-86.006332269066,131
2019,42.157399379032,-84.283231679349,636
2019,44.335155170351,-84.823930631862,990
2019,41.151371131775,-86.946855646664,4240
2019,39.613576489762,-84.994160964477,0
2019,38.920660006375,-85.826440478482,6
2019,42.843210032187,-84.329019633707,73
2019,44.531643133141,-88.61576383719,1015
2019,41.454805393172,-86.588885239647,7500
2019,42.773141783218,-83.814092726775,404
2019,42.02737520178,-84.163189416951,50
2019,44.90094623503,-87.845878110467,807
2019,42.352034897477,-84.285206160933,25
2019,42.381984855631,-84.165715138274,27
2019,42.238265049118,-84.103870680358,25
2019,42.415600760345,-85.484650015513,410
2019,41.97535556595,-84.147108719804,9
2019,42.026746295263,-84.160867768684,70
2019,44.225646631946,-83.935766544795,1463
2019,44.348148315328,-90.169076977421,523
2019,39.502965139879,-75.612110450607,10
2019,42.501846301137,-84.389744528452,7
2019,42.481233675467,-84.359591134707,65
2019,42.427588790716,-84.606984683195,66
2019,42.405563379723,-84.65636415116,6
2019,39.448011098847,-85.335292843021,9
2019,42.398573749616,-84.602333732764,87
2019,42.446396242688,-84.641944595496,6
2019,42.632525018649,-88.15619223107,4
2019,45.516536671916,-93.761292091917,14578
2019,45.176605227975,-87.64212747887,139
2019,45.192390024617,-87.624444752941,42
2019,42.050284841104,-84.170438705483,2
2019,42.800218298416,-83.614800558959,106
2019,42.908995343586,-83.507153121258,210
2019,42.899456098006,-83.515402904704,79
2019,42.889396766947,-83.57982865393,76
2019,46.235732635168,-85.941429290771,0
2019,46.298710165844,-86.126651916504,0
2019,43.008120423641,-76.752168654623,71
2019,43.026956763108,-76.732912216186,0
2019,43.124261906764,-76.669935354818,0
2019,43.077337069114,-76.711175915326,0
2019,43.025536487652,-76.7549797007,0
2019,43.024252412176,-76.708757634554,0
2019,42.342216675903,-84.249529462567,3
2019,41.745672527592,-85.830177765721,4
2019,42.307838633208,-84.367035161297,433
2019,44.69913594899,-89.818526241936,2697
2019,43.608723270796,-88.633815399185,7324
2019,43.42127090751,-89.526790235045,264
2019,43.815359535366,-89.908491081194,68
2019,43.720899151759,-89.56023941405,238
2019,43.689798749035,-89.556566603916,145
2019,43.63958281105,-89.527383007502,107
2019,43.696358451126,-89.583915081509,274
2019,43.654341825802,-89.574750595245,28
2019,43.575931792972,-89.641580293246,670
2019,43.56657898815,-89.698044294296,1027
2019,43.565796542381,-89.610295772192,430
2019,43.562840119105,-89.631623810883,315
2019,43.569086742443,-89.665215640884,555
2019,43.192293504556,-89.938347152022,1478
2019,43.221727225634,-89.823040934045,72
2019,43.180491907731,-90.028011373466,4
2019,38.903046222781,-86.084055200608,0
2019,42.772828163134,-83.815255498407,471
2019,41.359277917675,-85.674528493018,3
2019,44.406491485896,-79.918066465234,421
2019,44.405496342808,-79.923209708328,380
2019,44.420765205232,-78.866128835727,905
2019,44.4049208412,-78.865932189756,3
2019,44.399200928791,-78.880114216731,17
2019,44.400819818961,-78.877306132711,41
2019,44.41496129234,-78.886775468483,7
2019,44.375112900261,-78.894490479084,81
2019,44.371759093303,-78.891780832386,290
2019,44.392083247519,-79.944265955048,13
2019,44.370796456715,-78.886532677196,4
2019,44.420448063463,-79.933501808209,703
2019,44.370574938852,-78.883571312998,9
2019,44.374246631667,-78.878424705166,10
2019,44.387096117923,-78.874681783269,2
2019,44.39313933646,-78.864524364408,100
2019,44.387072451051,-78.85973572541,204
2019,44.39042266257,-78.849959153584,5
2019,44.393122754086,-78.845528008129,3
2019,44.385056858176,-78.824485508181,29
2019,44.368436395642,-78.850481416307,6
2019,44.373321529886,-78.83503852093,16
2019,42.149544763492,-84.212696087837,125
2019,43.990893853389,-86.145928512096,4
2019,44.074080002562,-86.274907914063,215
2019,44.034041010262,-86.362622387076,3
2019,44.031166404813,-86.375022147367,12
2019,41.904735355706,-85.462625315922,283
2019,42.596071917764,-80.492840121119,64
2019,43.971069698436,-80.367851553479,364
2019,43.934797351091,-80.383572491997,179
2019,42.430611899438,-84.021378999525,184
2019,43.090774254405,-83.272438201904,160
2019,43.092149324195,-83.280885741273,16
2019,43.086645178155,-83.272189590548,12
2019,43.077821762382,-83.275172877718,1
2019,43.016782399357,-83.244822177887,2
2019,41.620383567991,-83.237241116467,4
2019,40.753608280276,-82.097984778728,138
2019,40.680369299807,-81.960687789426,74
2019,44.144216564102,-90.191764984131,0
2019,44.15074052805,-90.156848887785,121
2019,44.073563670045,-90.186119500483,1663
2019,44.052988734799,-90.150476152896,29
2019,39.116463796821,-86.396993807745,0
2019,41.512495729842,-86.574272580264,0
2019,39.591086622554,-84.983631171999,1
2019,43.971980795122,-86.308574778636,0
2019,43.97643038771,-86.219278375572,0
2019,43.975519811572,-86.139814291149,0
2019,44.033147055599,-86.100710277093,0
2019,43.862693211826,-86.398896022289,0
2019,43.861852374819,-86.329215086316,0
2019,43.860933797521,-86.21774818694,0
2019,44.079846463826,-86.261928011578,200
2019,41.782219014418,-79.992330408137,5
2019,41.576206950194,-80.22040614644,0
2019,41.27618296568,-80.230049196212,9
2019,41.097678017907,-80.179231305277,56
2019,41.390968223439,-75.383055799562,0
2019,41.59701544748,-76.303485554712,0
2019,41.586222638113,-76.390018615723,0
2019,41.323606845727,-75.285419436714,0
2019,41.52361501012,-76.344661643255,0
2019,41.503456508106,-76.424733995341,4
2019,41.562328321558,-75.958347548073,0
2019,41.587297257776,-76.189470270592,2
2019,41.614725962265,-75.731250452702,4
2019,41.638516531452,-76.35972224522,0
2019,41.640883666132,-76.339995325369,0
2019,40.281676702928,-76.230243845671,0
2019,41.618013983341,-80.410094525477,154
2019,41.797606127722,-77.299264016604,0
2019,41.795591935244,-80.019830736332,12
2019,39.8987311895,-78.954119031042,0
2019,41.646271859255,-80.422719626872,24
2019,41.584633900651,-76.189188239293,2
2019,39.948388241602,-76.434034519939,1
2019,41.931798340958,-79.95617019695,5
2020,39.143202708056,-86.398394835377,0
2020,39.39044381086,-86.043775596526,0
2020,41.678375312552,-85.185992774666,1200
2020,40.982910783651,-87.504791806769,2
2020,38.9703491,-87.1999608,0
2020,39.314936934503,-86.10576464287,0
2020,41.453039433717,-86.579256820094,1365
2020,41.29045665748,-85.658885807703,64
2020,41.209219023662,-87.043143810304,1419
2020,45.178921926767,-87.642612125509,50
2020,45.193376610997,-87.623112967805,12
2020,41.355417946672,-85.673594459742,14
2020,42.632489406446,-88.157966398681,498
2020,41.747655352515,-86.011067116063,357
2020,45.708734185566,-92.685419865502,434
2020,45.744097263127,-92.778328250107,14
2020,45.710018969352,-92.752844520516,22
2020,45.698115272748,-92.729947983686,3966
2020,45.846957713484,-92.617328664607,2552
2020,45.833176914741,-92.661396921753,2807
2020,45.880539421989,-92.621241154208,123
2020,45.811935195587,-92.677404717676,48
2020,45.838884657928,-92.582977909474,969
2020,44.532084212878,-88.619219273274,4572
2020,44.347809854535,-90.165876843496,7413
2020,39.4231065,-85.0127376,0
2020,42.029017912712,-84.166495206177,48
2020,42.37109779697,-84.232016271158,4
2020,41.204695969468,-87.020342502594,274
2020,38.918990024326,-85.824428163089,0
2020,43.038974792078,-76.734742968311,71
2020,43.007390475682,-76.751217574605,34
2020,43.022353882505,-76.779332589408,0
2020,42.773361767437,-83.814222342845,270
2020,44.333817024594,-84.827053462459,573
2020,42.8987481,-83.5151893,46
2020,42.889578,-83.5796985,51
2020,42.9091649,-83.5072493,163
2020,42.8004337,-83.6134325,196
2020,43.098694511098,-84.213826783762,376
2020,44.675582513962,-88.675236864414,659
2020,41.154049656946,-86.948311148804,5290
2020,36.256260838163,-88.980662112297,67
2020,43.181402414253,-90.02808270243,7
2020,43.191919742007,-89.938621231246,1174
2020,43.195793009039,-89.855291892322,172
2020,43.578801323663,-89.646243360701,480
2020,43.566104623743,-89.654176486243,1732
2020,43.564108567242,-89.607295856505,3466
2020,43.421543756713,-89.526542223525,314
2020,43.815242106028,-89.907876209801,90
2020,43.836436172478,-89.896944003279,347
2020,43.719741136304,-89.563635531111,398
2020,43.688592700856,-89.558931324231,370
2020,43.696011055292,-89.583154970964,104
2020,43.654180923638,-89.574855611344,36
2020,43.639786482741,-89.526360628202,234
2020,42.14966059281,-84.212369000495,100
2020,42.521845643937,-88.414139011918,472
2020,45.537349057837,-93.770155529237,984
2020,45.537672671265,-93.782033092983,6622
2020,45.52951502704,-93.752806881024,1268
2020,45.52267461325,-93.754763134125,362
2020,45.488017038769,-93.782771237134,180
2020,45.523879171452,-93.788889626706,1828
2020,46.301762576726,-86.132558882617,0
2020,46.3454921,-85.9465471,0
2020,42.049559106323,-84.173325469075,2
2020,42.380112407904,-84.162513557274,19
2020,42.351269671717,-84.284747387847,698
2020,42.116274560605,-85.610380325317,3443
2020,42.159270946262,-84.280354222168,386
2020,42.4295924,-84.0239776,32
2020,42.191917396058,-84.55178437598,10
2020,42.842409309574,-84.330646617529,220
2020,43.971841881819,-86.309279270972,4
2020,43.967196222203,-86.258211757052,10
2020,44.068765533228,-86.228152528482,55
2020,44.094917153548,-86.274330167223,40
2020,44.091396868917,-86.277260592234,45
2020,44.060570065917,-86.349066906661,49
2020,44.040446918038,-86.384613768004,11
2020,43.978262188145,-86.136373483365,0
2020,43.861378909549,-86.235387342532,0
2020,43.862078362323,-86.327345523834,0
2020,43.863957860332,-86.408152376586,0
2020,44.033436315608,-86.100340666194,0
2020,43.19359895813,-90.036633367528,231
2020,39.497201158248,-75.598723495863,12
2020,43.205759352889,-89.889972958359,18
2020,39.501463983793,-75.612108856409,4
2020,43.195324890425,-90.055666693017,158
2020,43.185317448695,-90.04815607984,242
2020,38.902387161401,-86.061136677075,0
2020,42.014138587923,-84.190749909455,18
2020,45.559188376392,-84.426927562373,0
2020,44.223498130995,-83.935274843129,1144
2020,43.411074157092,-89.306038488374,505
2020,42.815164607829,-92.22737933313,75
2020,42.665533585017,-92.810725458845,5
2020,42.163566335643,-90.308783905961,8
2020,41.946842564878,-92.428198564539,150
2020,41.6718379,-83.3125556,12
2020,41.6074963,-83.2096077,10
2020,41.4432555,-80.8107663,45
2020,40.671349,-81.966247,125
2020,40.7516159,-82.1033464,15
2020,40.7216232,-83.2994326,0
2020,42.415042518694,-85.474639091492,523
2020,43.348830971412,-84.019440118074,633
2020,44.649588514881,-88.53699968719,3680
2020,42.320454472122,-84.333209963784,796
2020,42.159540395237,-84.313109585689,0
2020,43.690888622348,-89.414126040114,452
2020,43.57243174741,-88.65348815918,7490
2020,42.773111139346,-83.813949845386,382
2020,41.5151372,-86.5873843,0
2020,45.817118649402,-76.780183117496,840
2020,45.807884243612,-76.779721678046,47
2020,45.778887335373,-76.796253710905,106
2020,45.77675502694,-76.812453580036,9
2020,45.784307183341,-76.829945460528,15
2020,45.770320095187,-76.825858368278,10
2020,42.60513268688,-80.47490702949,262
2020,43.94264139522,-80.4753600832,527
2020,44.434216635003,-79.925634200257,978
2020,44.411458209505,-79.960430627205,370
2020,44.699216354144,-89.819825446914,1663
2020,44.397948722374,-78.856349697985,1375
2020,44.400905237953,-78.852230288981,850
2020,44.43745195232,-78.889506556602,275
2020,39.6125485,-84.9931926,45
2020,42.344651984692,-84.242227847357,12
2020,43.085213276478,-83.271460961766,20
2020,43.07203528671,-83.23466888991,4
2020,44.096284753908,-88.967553684247,257
2020,42.757665058959,-84.186800505326,74
2020,43.091621878278,-84.279362149961,2340
2020,42.321525122352,-84.288396835327,656
2020,42.321525122352,-84.288396835327,656
2020,41.5553415,-76.3092675,5
2020,41.519476,-76.3762485,7
2020,41.5100371,-76.4376993,4
2020,41.5776992,-76.4062973,2
2020,41.574678858516,-80.220018566094,2
2020,41.644576529215,-80.42907534736,10
2020,41.088885791517,-80.192752453458,26
2020,41.603252591456,-80.432446540791,35
2020,41.117861116904,-80.138883774097,17
2020,41.099441378504,-80.179550430966,67
2020,41.096500337411,-80.181530840939,46
2020,41.2708003,-80.22167,3
2020,41.5849668,-76.1913924,2
2020,40.518680040042,-76.213793618243,6
2020,41.604978979223,-75.718211804816,3
2020,41.7518345,-79.9426994,13
2020,41.800898604836,-79.976489815112,17
2020,43.3557894,-84.038086,1300
2020,42.394837543139,-84.991389757714,3403
2020,42.492387372236,-85.330752007193,82
2021,41.749145687065,-86.009365655576,131
2021,41.455357078688,-86.585288200378,454
2021,41.451746272584,-86.579008688014,1420
2021,41.506118014372,-86.574556445819,1
2021,41.137231418968,-86.915502548218,1254
2021,41.29268176453,-85.659723088252,110
2021,42.111726591543,-85.611010156189,1585
2021,45.175972624633,-87.640767745564,309
2021,45.192895799426,-87.62332935624,0
2021,44.346457005265,-90.178623580919,6076
2021,44.534376014884,-88.613087314679,2774
2021,44.649509179384,-88.536427127873,5888
2021,42.520874219883,-88.417798662758,750
2021,41.679494051041,-85.192525988933,358
2021,44.259609641705,-83.929940599048,117
2021,42.772678728763,-83.814227336294,398
2021,43.122589735461,-78.290980870704,19
2021,43.1284205857,-78.439603381058,2
2021,41.209850923232,-87.036651677036,1698
2021,43.977699476591,-90.407279042456,17
2021,42.41353798584,-85.479997405112,628
2021,42.84301388696,-84.329333324178,145
2021,42.8887565148,-83.57966146715,113
2021,42.90895549286,-83.507011850212,129
2021,42.899430517732,-83.516034499526,165
2021,42.16017565132,-84.278362553541,381
2021,44.054006277429,-86.177206695404,780
2021,43.999814274178,-86.46375183986,13
2021,45.709090523409,-92.68874938073,5250
2021,43.877419679815,-86.221566646634,3
2021,45.842154218969,-92.556887091772,33
2021,43.836740381706,-86.213233597895,5
2021,45.84405576512,-92.576342175385,111
2021,45.862152232964,-92.602852474051,57
2021,45.883102283509,-92.617632626443,3
2021,45.862385183319,-92.558155599213,58
2021,45.743215203507,-92.780815621411,136
2021,43.9664537,-86.4996546,0
2021,45.805203829254,-92.675391237656,1400
2021,45.877212694604,-92.623781007919,250
2021,43.982558246319,-86.139802529169,0
2021,44.033556719382,-86.100487242101,0
2021,41.205082211925,-87.020257937084,154
2021,42.310491613403,-84.362373654573,1158
2021,42.391172439452,-84.26859613601,93
2021,42.38078382344,-84.166722537109,0
2021,43.195746470642,-90.070994033861,27
2021,43.193296610653,-90.035338736316,147
2021,43.177099282397,-90.046686352719,14
2021,43.191092512418,-90.052434904441,320
2021,43.201072729824,-89.972762567863,4
2021,43.203170096771,-89.889847596063,0
2021,42.321525122352,-84.288396835327,0
2021,43.190320358515,-89.935460406318,1604
2021,43.196651352025,-89.85600898619,194
2021,43.185146738402,-90.019409552845,545
2021,43.815330623694,-89.907784936718,258
2021,43.87616421156,-89.851630915986,0
2021,43.421340453699,-89.527248485035,237
2021,43.579359751234,-89.646479794308,376
2021,43.569776245242,-89.667445280316,609
2021,43.565323365496,-89.610376524852,1603
2021,43.566703595208,-89.65357406831,814
2021,43.695503245601,-89.583111567353,94
2021,43.653817309706,-89.57502372215,40
2021,43.640017164977,-89.525919155745,58
2021,43.590396057523,-89.516926225177,199
2021,43.716376979704,-89.562747452011,18
2021,43.68862185695,-89.556225849059,158
2021,45.517702958411,-93.762262415943,9239
2021,45.528836774724,-93.793606386388,1172
2021,44.173347582426,-88.863918568638,475
2021,43.160142394822,-93.731568927158,12
2021,42.820367386889,-92.235565338135,89
2021,42.164595663005,-90.307767132282,55
2021,41.942052049942,-92.450822763769,102
2021,41.382373761232,-91.402989145089,61
2021,41.783148436373,-93.394824943582,15
2021,38.929893540407,-85.818309569809,0
2021,44.843703694558,-75.051702313037,0
2021,44.918234290252,-75.062555732111,0
2021,42.352759020733,-88.191942853895,25
2021,42.308761708829,-88.244348217085,96
2021,42.310273944373,-88.209815983136,0
2021,42.030830603623,-90.139453014658,218
2021,42.05072398672,-90.14955586886,82
2021,42.385413063076,-90.468229655317,0
2021,41.361334502003,-88.314853618322,3
2021,42.665649861215,-92.830286351079,2
2021,42.385432432371,-84.19362609456,98
2021,45.830162856416,-92.654209310216,1304
2021,45.843900117935,-92.65905444355,1673
2021,43.111249000639,-89.484720103244,67
2021,43.120407603319,-89.484102978324,2
2021,43.170162842824,-89.369555119757,0
2021,41.227385216506,-91.124516311409,18
2021,42.044643678931,-84.212104758306,40
2021,42.051689930543,-84.170699682357,2
2021,42.032341980406,-84.169419792932,50
2021,42.05694750577,-84.237630803343,2
2021,40.983167598891,-87.504522385266,0
2021,43.569106696325,-88.647410344568,9227
2021,43.679209713621,-89.408185408036,306
2021,42.435837,-84.0233516,0
2021,41.355602763761,-85.67386281582,14
2021,45.847034750947,-92.633925785458,1083
2021,45.847057848014,-92.625487390678,3276
2021,39.569740696972,-79.294225138044,4
2021,39.597388984703,-79.222039983246,2
2021,43.332170530492,-84.043495884778,387
2021,43.344893425381,-84.043188493554,2491
2021,36.259427479201,-88.985066971058,0
2021,44.464280819751,-84.802653663861,1330
2021,43.025971519709,-76.756684559759,120
2021,42.313759339909,-84.330986358551,725
2021,42.194707436336,-84.56118598938,0
2021,42.186142679478,-84.564038390424,0
2021,42.178766575188,-84.546222394226,0
2021,42.179364618878,-84.543418771434,0
2021,44.694763580359,-89.820588896193,3673
2021,40.709343771883,-83.317412006444,2
2021,41.690756457106,-83.319812690982,3
2021,41.621186909999,-83.229907016211,24
2021,41.44326466856,-80.782438325425,25
2021,40.682081579041,-81.966139216997,134
2021,40.753460441287,-82.097526202871,45
2021,44.369103842467,-83.454529218499,13
2021,43.152455467253,-78.483157932541,2
2021,43.152611447369,-78.482841928866,3
2021,43.153153828854,-78.483721196434,4
2021,43.154709128195,-78.480861611082,7
2021,43.15493372555,-78.485164224884,9
2021,43.948308957814,-80.516104645223,745
2021,42.591436180156,-80.490018065854,256
2021,45.801528494512,-76.775943655725,2384
2021,44.4073516,-78.896191,1532
2021,44.4338687,-79.9167124,1186
2021,42.492213488906,-85.331040439891,150
2021,41.5575749,-76.4476874,2
2021,41.6076566,-75.732078,4
2021,41.6159726,-80.4106121,216
2021,41.1003504,-80.1717134,59
2021,41.225075641699,-87.017619219341,645
2021,41.214132301469,-86.995684242853,154
2021,41.11492657872,-87.101170827309,6
2021,39.497677323898,-75.597694785118,18
2021,39.495587544352,-75.59915863442,10
2021,42.3790613,-85.0051508,3106
2022,44.095381827481,-88.958343129336,1781
2022,44.535194180868,-88.615084602837,4166
2022,41.146785287442,-86.930188325025,4881
2022,44.011057998833,-89.348571404013,8
2022,44.042418988757,-89.321314750058,72
2022,44.672902529611,-88.67510147132,560
2022,41.68036017753,-85.189631196637,2150
2022,41.748520495098,-86.009009207934,427
2022,38.92354124475,-85.824589554626,0
2022,38.92972731207,-85.819844788917,0
2022,38.916079215523,-85.819598161733,0
2022,44.348378960301,-90.166579315319,3000
2022,41.455489901747,-86.582312372284,547
2022,44.032478996859,-89.274864658354,62
2022,39.128424572207,-77.423622494528,0
2022,44.530193527638,-88.770445258656,2268
2022,42.527503651124,-88.412940649913,1270
2022,43.090639400819,-84.276690467709,3283
2022,48.922446500956,-72.495177370264,837
2022,48.7749865,-72.3649946,93
2022,48.7659835,-72.0530853,187
2022,42.8991934,-83.5161412,31
2022,42.8004337,-83.6134325,158
2022,42.9091649,-83.5072493,437
2022,42.8885076,-83.5793269,209
2022,41.204820804211,-87.020572492084,973
2022,42.380792699776,-84.162650469141,94
2022,44.645842461169,-88.537983292658,8686
2022,42.415315379847,-85.475491003675,1033
2022,42.767604527318,-83.730584593848,120
2022,40.982914825201,-87.503936852445,0
2022,44.360777657461,-84.805195045197,0
2022,43.19155450242,-90.055164687214,31
2022,43.188623026774,-90.048648726645,2
2022,43.18895273098,-90.043622693522,26
2022,43.193080631032,-90.042930030145,70
2022,43.193738385875,-90.035490112842,115
2022,43.197782837188,-90.071782076862,6
2022,43.192089165043,-90.068051337619,7
2022,43.184082910287,-90.059438056325,62
2022,43.1845397558,-90.053009310845,10
2022,43.17744328242,-90.047465503986,0
2022,43.182750878252,-90.042824065164,22
2022,43.188364804354,-90.036466324803,6
2022,43.199859619022,-90.00609406455,0
2022,43.203005520054,-89.976125833736,0
2022,43.20333643058,-89.889781130307,0
2022,43.002952586996,-89.352089926949,22
2022,43.114662589837,-89.478764417294,2
2022,43.11216841448,-89.484452731763,160
2022,43.171683223367,-89.368709366592,0
2022,41.365701942547,-85.65951784712,0
2022,42.772933069085,-83.81355043013,256
2022,43.00962943397,-76.749257980333,137
2022,42.393849377763,-84.998412480886,3672
2022,42.842143364136,-84.330393891906,231
2022,43.334944482343,-84.045561390038,970
2022,43.336807548102,-84.040238322744,328
2022,43.344187359983,-84.040988675538,1010
2022,43.360538998785,-84.015390534095,1056
2022,42.049888247421,-84.169468665521,2
2022,42.046615703943,-84.173469543457,3
2022,42.056740518529,-84.236184019463,2
2022,42.046385978965,-84.214200398618,4
2022,42.043643091395,-84.191318814928,0
2022,42.000450100676,-84.17976943979,10
2022,45.708169202727,-92.687913129171,6969
2022,42.028254333059,-84.165573953756,26
2022,45.743270701296,-92.781957971549,650
2022,45.882808993122,-92.609021291874,4362
2022,45.845162423441,-92.580733986067,919
2022,45.863077527263,-92.634034309387,238
2022,45.829546569809,-92.650642547607,2782
2022,45.847785646429,-92.628585739655,419
2022,45.846631579468,-92.622131381286,1359
2022,42.187968542082,-84.555803000592,40
2022,42.193584672796,-84.555989748929,14
2022,45.516989985109,-93.762601455248,12727
2022,44.223157174855,-83.911099907097,1046
2022,42.756164719723,-84.188619673938,0
2022,42.492110788737,-85.330202060429,208
2022,43.192321356191,-89.947675989116,1714
2022,43.184773948364,-90.02013431033,60
2022,43.196972433414,-89.856074897877,189
2022,43.234250138228,-89.811182096142,6
2022,43.562830071143,-89.632285167389,2144
2022,43.565204744543,-89.610578641814,1266
2022,43.577789830949,-89.734841300007,0
2022,43.566752281595,-89.653034168107,188
2022,43.569306797469,-89.666470693594,891
2022,43.575388922905,-89.642729175415,171
2022,43.814889797858,-89.907368829298,184
2022,43.889511017904,-89.848153075515,22
2022,43.421668927338,-89.527016313246,293
2022,43.65414212742,-89.574423748258,72
2022,43.717447285013,-89.563572594475,31
2022,43.695661000036,-89.583111007645,281
2022,43.686617127311,-89.556808041896,240
2022,43.639665344784,-89.527614700312,101
2022,44.333744699038,-84.828536111733,1280
2022,43.560356669501,-88.649017568565,8659
2022,41.710893969285,-90.335166171701,5
2022,41.976376598402,-90.402328847433,20
2022,41.391905817038,-91.40146270752,16
2022,41.950890278145,-92.4431015814,173
2022,42.165997532548,-90.319446188413,28
2022,40.716415111906,-95.57998318796,5
2022,42.825141475576,-92.23377870852,210
2022,41.214450103437,-91.107390434305,24
2022,43.222744119038,-93.763863421739,2
2022,43.164645852409,-93.727525272504,4
2022,43.261360292,-94.123212020859,11
2022,36.257421914407,-88.984547672445,0
2022,44.320478501058,-89.524536270126,88
2022,43.121812239848,-88.804658041776,8
2022,46.272191970774,-71.844185269028,200
2022,42.160028406461,-84.313077441838,0
2022,45.8008636,-76.7765227,2320
2022,44.4073516,-78.896191,743
2022,44.4338687,-79.9167124,900
2022,43.9465869,-80.5116344,697
2022,42.5853884,-80.5566564,48
2022,42.237942170809,-84.103547646491,320
2022,42.225483699315,-84.095522153091,408
2022,44.694990032562,-89.818886413711,4378
2022,42.113943665418,-85.610144721286,280
2022,43.094284445519,-83.243599090576,72
2022,43.071603221284,-83.234586868286,2
2022,43.090421985139,-83.272883559608,0
2022,43.086398490844,-83.274240646362,0
2022,41.542347,-76.625606,2
2022,41.5695126,-75.4958447,2
2022,41.5041051,-76.423213,3
2022,41.5864363,-76.2007337,3
2022,41.8023164,-79.9590906,5
2022,41.0990589,-80.1766736,24
2022,41.8225209,-80.0685089,3
2022,41.6159726,-80.4106121,230
2022,43.98277670282,-86.139890228846,0
2022,43.969096340744,-86.21938034459,0
2022,43.955491148271,-86.339474172162,0
2022,43.867775974381,-86.216629824212,0
2022,44.022222339077,-86.138897140643,2
2022,44.03046006069,-86.161100408852,2
2022,44.077873396846,-86.256019879056,25
2022,44.053906082348,-86.1773254614,253
2022,44.091846679096,-86.277374045652,89
2022,41.624455795586,-83.235466227492,17
2022,40.756981410557,-82.101484863181,72
2022,40.671785183518,-81.966247558594,110
2022,41.687200164612,-83.329510746218,0
2022,41.440874678587,-80.792521574435,0
2022,44.046390581389,-86.382921424288,24
2022,44.056142758686,-86.373226323724,9
2022,44.077953727584,-86.28326128759,38
2022,39.500897544339,-75.610278411101,24
2022,42.031828066651,-90.114800457271,40
2022,42.064859287272,-90.127289688594,0
2022,42.313872132433,-88.243320989967,96
2022,42.35264212577,-88.188596017456,0
2022,41.361613616338,-88.317437642329,23
2022,42.262643433365,-90.415404871714,0
2022,41.287528760094,-85.653615658193,104
2022,41.216029050862,-87.04289002614,2220
2023,41.205172941714,-87.011839219531,347
2023,41.68012453981,-85.183704118241,620
2023,41.356554177265,-85.651588988331,0
2023,42.773075352247,-83.815218425064,316
2023,45.519197587794,-93.763103081261,17979
2023,41.146804024713,-86.929763958459,7953
2023,44.222051819967,-83.938811466724,770
2023,43.00970354949,-76.750072481792,169
2023,41.216296810562,-87.041332992675,1550
2023,44.530004949975,-88.771620534669,136
2023,38.916226899154,-85.819762594043,0
2023,38.921422028493,-85.824996186564,0
2023,42.888926988165,-83.581467708621,80
2023,42.909151324116,-83.505793822369,441
2023,42.9007330497,-83.51548850649,4
2023,41.747674075448,-86.008679129855,473
2023,44.330646376632,-84.825482805751,95
2023,44.096237388725,-88.967206678177,2691
2023,43.008868576772,-76.752148837487,169
2023,44.527595429644,-88.625445762804,3485
2023,41.461730784807,-86.583692990984,1580
2023,42.378817502887,-84.16121794713,120
2023,42.328014350615,-84.280851152839,97
2023,43.008051487631,-76.748717478676,178
2023,44.346549388339,-90.17790157781,6460
2023,44.695203352646,-89.819603118896,9148
2023,42.526155264143,-88.412269841068,1935
2023,42.160092814097,-84.281279474807,360
2023,42.353017422456,-84.285842811751,198
2023,36.260246308932,-88.986004615358,0
2023,43.341189660707,-84.04337502477,1941
2023,42.404610448068,-84.323885827351,28
2023,42.414557467403,-85.476413622962,1220
2023,44.067521280111,-90.180935699921,472
2023,44.05641279119,-90.155450721127,1123
2023,44.145467357238,-90.192601856379,94
2023,44.146418395021,-90.153159076592,718
2023,43.329460543596,-84.04079063109,0
2023,42.160590982894,-84.543258415206,5
2023,42.188604426088,-84.558913761819,2
2023,45.863699002062,-92.621440942154,1365
2023,45.83522257506,-92.659168163736,3477
2023,45.812153731294,-92.67636244159,620
2023,45.848712424581,-92.674230561651,341
2023,45.700459793551,-92.736396327898,35
2023,45.688737236929,-92.790966660985,124
2023,45.743004014591,-92.777143841093,300
2023,45.710280084916,-92.688685041988,7077
2023,42.051335509635,-84.170840804876,2
2023,42.003291391619,-84.153958900327,4
2023,42.055230794633,-84.216850499889,2
2023,42.066950526894,-84.229055343011,2
2023,42.058794108182,-84.215280292834,2
2023,42.062523451827,-84.182811344074,2
2023,42.070232154935,-84.056549052069,60
2023,42.026300555277,-84.166091049172,40
2023,42.773157668264,-83.81406809647,308
2023,43.182943072288,-90.057898938591,23
2023,42.147889234355,-84.209128895399,205
2023,43.180108677803,-90.049894469509,2
2023,43.184186978883,-90.041419459245,3
2023,43.187304983692,-90.035870735537,59
2023,43.188267825279,-90.0456464045,28
2023,43.191200659249,-90.044205080996,2
2023,43.187066585994,-90.059951531022,85
2023,43.19188534214,-90.062520763834,85
2023,43.189104540296,-90.065150160912,12
2023,43.193434958167,-90.036159538823,16
2023,43.193077266158,-90.028548971423,20
2023,43.198179109635,-90.020352605552,393
2023,43.203660010605,-89.990355913269,4
2023,43.204799857727,-89.975367935606,2
2023,43.205406783139,-89.891453070561,2
2023,39.500929106154,-75.610264003568,14
2023,39.497726988465,-75.597730276143,9
2023,42.39340692773,-84.992696625948,2567
2023,43.562608233874,-88.647730938426,8939
2023,43.688591415229,-89.410928890614,86
2023,42.843118350076,-84.3291316035,51
2023,44.053989386691,-86.177310048618,264
2023,44.033228256094,-86.100564905079,0
2023,43.860985682819,-86.218010864412,0
2023,43.962716150801,-86.292471506089,2
2023,43.976666221294,-86.307627273316,4
2023,40.568328253396,-83.27465057373,0
2023,40.70912300533,-83.302599823169,27
2023,41.680027797873,-83.344259262085,0
2023,41.687271183791,-83.320655822754,0
2023,41.645209712215,-83.263320922852,0
2023,41.644055199146,-83.237228393555,3
2023,41.618134183139,-83.227672746483,10
2023,41.614931964618,-83.164921906161,7
2023,41.592725168896,-83.072645403398,0
2023,41.575561884185,-83.057113875462,0
2023,41.530252717481,-82.991856362024,0
2023,41.450297283153,-83.023425868727,0
2023,41.41801503608,-82.95295715332,0
2023,41.434617595877,-80.7925511768,32
2023,40.671524788025,-81.966247558594,125
2023,40.753199331516,-82.098098293614,55
2023,44.650634403061,-88.538236369441,270
2023,44.648804986233,-88.526079701573,1854
2023,42.308049511501,-88.211675988103,0
2023,42.3400965,-89.6692868,7
2023,42.26618,-90.4055692,0
2023,41.36155520906,-88.317607439777,2
2023,42.313506301402,-88.244473714181,163
2023,42.465857454439,-88.189160686297,84
2023,42.1879306,-88.40599,167
2023,42.352559181391,-88.188577196854,3
2023,44.090486917707,-86.276600007424,20
2023,44.091982849296,-86.271161324185,16
2023,42.493519743943,-85.32752967642,104
2023,44.063643722605,-86.368330732376,2
2023,44.063450881726,-86.352398911843,2
2023,44.058109798187,-86.342072783121,2
2023,44.063648509199,-86.320216611254,2
2023,44.07783580903,-86.291433658283,65
2023,44.039266399538,-86.37114804706,26
2023,44.098527809892,-86.301132848936,2
2023,44.066354975944,-86.390893209198,2
2023,43.183047208052,-90.026276190577,988
2023,43.19672244529,-89.857249154252,165
2023,43.195896606372,-89.989310949379,720
2023,43.190508781755,-89.935656686184,460
2023,43.421356432916,-89.52732814313,60
2023,43.814829688711,-89.907484864905,252
2023,43.887461317182,-89.849060391117,11
2023,43.653704846595,-89.574577114085,154
2023,43.640045532093,-89.524376969684,257
2023,43.685055427976,-89.556049338427,749
2023,43.719836227752,-89.563444756681,408
2023,43.695660641015,-89.582899580122,406
2023,43.569459796697,-89.666141323901,854
2023,43.565626664458,-89.609533598089,3209
2023,43.579443109326,-89.64669430221,475
2023,43.566639713121,-89.653440250242,1084
2023,43.562701292617,-89.630099208579,755
2023,41.774058793206,-93.386335589941,23
2023,41.950593604107,-92.443490180969,100
2023,42.819251112311,-92.234147857235,100
2023,43.222019844841,-93.769988049304,2
2023,41.214109217428,-91.101091005443,18
2023,41.313414383949,-91.367991519957,61
2023,43.170087152474,-93.738054609105,43
2023,42.664617648704,-92.809895806396,3
2023,40.676549646909,-95.580712597522,3
2023,43.291009317211,-94.114275610758,7
2023,42.170668811834,-90.307449702832,14
2023,42.0319961,-90.1152482,94
2023,42.067029,-90.126227,0
2023,44.368828043271,-83.444555036223,0
2023,41.288479677429,-80.386220306903,0
2023,45.092288431187,-74.408925554289,125
2023,46.02301145517,-73.691823431673,86
2023,45.578907732885,-74.456828007492,110
2023,45.602959119071,-75.123157653809,12
2023,48.765778267772,-72.051591190808,0
2023,36.769588973513,-76.240960154946,2
2023,43.09264765576,-83.287285893706,9
2023,43.084904122876,-83.286685617383,5
2023,43.07678752045,-83.264223223662,25
2023,43.150010020508,-83.284017906066,58
2023,43.077934548618,-83.174066341329,5
2023,43.207772492216,-83.06482667338,6
2023,43.158199429476,-83.18863163357,3
2023,43.090506795848,-83.262676496633,0
2023,43.093186086934,-83.243684890185,0
2023,42.756126762087,-84.188589757132,0
2023,41.3341955,-80.0413175,2
2023,41.55341521297,-80.369817939593,12
2023,41.575144,-80.2085617,9
2023,41.6159726,-80.4106121,224
2023,42.0503854,-79.9416549,0
2023,41.990894868242,-79.9795656725,2
2023,41.542347,-76.625606,0
2023,41.5249976,-76.350248,0
2023,41.5575749,-76.4476874,0
2023,41.519476,-76.3762485,0
2023,41.50996,-76.4338612,3
2023,41.534094,-76.33242,0
2023,41.592251,-76.1679809,2
2023,41.562071,-75.958836,0
2023,41.6001663,-75.6208315,2
2023,41.6053221,-75.7022567,0
2023,41.3924884,-75.3810734,0
2023,41.571352,-76.5008919,0
2023,41.5839558,-76.4978799,0
2023,41.586029,-76.3914829,0
2023,41.604473,-76.329402,0
2023,41.593908,-76.387054,0
2023,41.555342,-76.309268,4
2023,41.6458603,-76.369282,0
2023,41.5777375,-76.4062973,0
2023,41.6397144,-76.339696,0
2023,41.5966147,-76.3026886,0
2023,45.799785000535,-76.777567098963,2116
2023,44.417738041188,-78.866217046745,1471
2023,44.404187110031,-79.885868720466,1704
2023,42.598229382033,-80.53684218645,322
2023,41.287543508653,-85.653568400169,8
2023,41.21605901253,-87.043542809192,985
2024,41.749406227095,-86.006549642343,580
2024,41.680449260303,-85.184344811309,900
2024,44.346473136845,-90.17861566723,3851
2024,42.113842745428,-85.610039465841,2060
2024,41.461751417586,-86.588534622954,1540
2024,44.529767106379,-88.770627472068,456
2024,44.067187872749,-90.178498415734,399
2024,44.063840247252,-90.157984701827,470
2024,44.050782548844,-90.151848655416,894
2024,44.144899193118,-90.19308157023,10
2024,44.142148569242,-90.177284483246,11
2024,44.146094575874,-90.152534401828,327
2024,41.137231418968,-86.915502548218,3476
2024,44.527663822043,-88.625443656447,3237
2024,41.212641953261,-87.018051857874,990
2024,45.174763643987,-87.641988276518,169
2024,44.223514398101,-83.935714642101,1435
2024,41.402844011611,-80.437716784139,4
2024,44.649098067528,-88.533193858244,7322
2024,43.009101571736,-76.748922099179,191
2024,44.69754071575,-89.82284997864,5200
2024,44.711813864715,-89.886823433312,643
2024,41.288513246695,-80.386220467585,0
2024,41.297594741317,-80.395917057341,0
2024,41.286026854882,-80.327247868573,0
2024,41.298568167976,-80.435730433192,0
2024,41.347966379158,-80.505332748104,0
2024,41.302834579201,-80.446012593855,0
2024,41.354281925042,-80.539743075988,0
2024,43.125641751669,-78.409268602219,17
2024,43.007577709264,-76.751746216534,205
2024,39.497381340264,-75.597656151715,29
2024,39.497378311982,-75.597680865033,32
2024,45.518757272129,-93.760570639993,12544
2024,43.334113,-84.0381219,714
2024,43.334113,-84.0381219,0
2024,42.900644400879,-83.515072955573,4
2024,42.889096973292,-83.581534823536,137
2024,42.909160693811,-83.506128137836,499
2024,42.804605077462,-83.613805224428,66
2024,42.77294773064,-83.814221727144,206
2024,42.349864186866,-84.277260813583,67
2024,42.3555219,-84.2897633,762
2024,42.354317003725,-84.281414373271,261
2024,42.329774487249,-84.27857121051,1046
2024,45.70934940059,-92.689563502365,5681
2024,45.698245567587,-92.735460616178,710
2024,45.850783346822,-92.674620980066,1558
2024,45.827325123546,-92.645515008959,746
2024,45.864462788379,-92.55167083832,3344
2024,45.8622065829,-92.620742652267,177
2024,41.437202392617,-83.046541423455,0
2024,42.050127346435,-84.170072739929,2
2024,42.068119925831,-84.147456330729,3
2024,42.054869568174,-84.134666518149,2
2024,42.047596490164,-84.166464508209,2
2024,42.41491067825,-85.476037662701,421
2024,42.170178571192,-84.543280470514,0
2024,42.177875368776,-84.545512068414,0
2024,42.185353199764,-84.560668865078,0
2024,42.188698349654,-84.558345072894,0
2024,42.192394783446,-84.552720755398,0
2024,42.194653935967,-84.558590900813,0
2024,42.159924802519,-84.281170963445,539
2024,42.311997774193,-84.366474705024,0
2024,41.615678518622,-83.160915587842,15
2024,42.772825651772,-83.814302381288,166
2024,41.438616332216,-82.981245231128,7
2024,41.468608994881,-83.019193544617,3
2024,41.601339242603,-83.101148362162,30
2024,41.628019455536,-83.240992853967,6
2024,41.6499,-83.280796,5
2024,41.679524723667,-83.315038528867,15
2024,40.70606880013,-83.274536615466,77
2024,40.749189050297,-82.087140336928,79
2024,40.675736045628,-81.959101994789,109
2024,41.455110669375,-80.834578886508,127
2024,41.532756920572,-81.102462305032,24
2024,42.394304865668,-84.998559951782,1595
2024,42.49210104442,-85.329572750571,43
2024,40.716711920319,-95.579617448559,3
2024,43.159462551589,-93.74159203761,60
2024,42.824041915124,-92.236947244044,200
2024,42.69711113564,-92.159383957757,150
2024,43.27454136487,-94.115466824323,13
2024,41.398074591109,-91.400034289979,91
2024,43.48674320324,-93.305549907524,3
2024,43.26858276538,-93.447219650398,2
2024,42.666975507651,-92.818386610352,12
2024,41.998602118315,-85.184472679029,19
2024,41.950507217096,-92.437268717222,120
2024,41.209941631087,-91.102477109065,20
2024,41.807217036526,-91.680300747829,4
2024,42.166734332388,-90.303723158175,90
2024,43.185866834126,-94.897361499912,8
2024,42.732992295606,-92.954302547109,2
2024,48.74226585681,-72.415119474757,130
2024,48.628401870558,-72.491246592874,20
2024,46.058508193139,-74.210263070844,60
2024,48.693510234376,-77.461883939516,4
2024,46.932623226041,-75.324950836476,20
2024,43.419174429754,-89.532960388527,420
2024,43.815030482769,-89.908147196422,1038
2024,45.883621108149,-76.797623797728,2
2024,43.887807270234,-89.848728716553,5
2024,45.811427637485,-76.761326617135,7
2024,43.695515946805,-89.582792375232,723
2024,45.782777004626,-76.655294451714,4
2024,43.641198804504,-89.523876389455,50
2024,43.713107362154,-89.556068674779,42
2024,43.659513400402,-89.526087360075,141
2024,43.686645657902,-89.555133845054,158
2024,43.654434766659,-89.574135145362,40
2024,45.591515827572,-75.211216262968,4
2024,45.593523504785,-75.168250951767,6
2024,43.188674264569,-90.015137450145,714
2024,43.191286528834,-89.936250706209,337
2024,43.19723487051,-89.857674596186,45
2024,46.408499409189,-72.282993613869,6
2024,46.35012664779,-71.990380439758,7
2024,46.273683050225,-71.840497633577,64
2024,43.564429271702,-89.60876115876,2081
2024,43.562759405726,-89.629887719596,1338
2024,43.580815113306,-89.649141045642,67
2024,43.566743811911,-89.65428916293,327
2024,43.569091138658,-89.66610493264,539
2024,46.15159090472,-72.744290546589,10
2024,45.044376164189,-74.451534923513,51
2024,41.134111484293,-81.171276215775,0
2024,41.137272702645,-81.191071043791,0
2024,38.916120812337,-85.819783157278,0
2024,38.921060232791,-85.824430021362,0
2024,41.596713196035,-80.378201548202,262
2024,41.571030173247,-80.204777609262,10
2024,41.573728553974,-79.975343201095,11
2024,41.7973189,-79.9813506,4
2024,41.5854132,-76.189717,0
2024,41.562071,-75.958836,0
2024,41.6001764,-75.6208062,0
2024,41.608494,-75.733079,0
2024,41.595057598788,-75.71716476817,6
2024,41.390667193229,-75.383144957735,0
2024,41.586029,-76.3914829,2
2024,41.5777194,-76.4062788,0
2024,41.5100369,-76.437699,4
2024,41.519476,-76.3762485,0
2024,41.5219049,-76.346817,3
2024,41.5527337,-76.452531,0
2024,41.5704694,-76.5033643,2
2024,41.5423321,-76.6255173,0
2024,41.6385181,-76.3596432,0
2024,41.5940261,-76.3885299,0
2024,41.9122862,-76.6185896,0
2024,41.858721,-76.7646249,0
2024,41.6058182,-76.3321152,3
2024,41.6058182,-76.3321152,0
2024,41.6397144,-76.339696,0
2024,41.5969551,-76.3028481,0
2024,41.5549693,-76.3056185,3
2024,45.4229947,-93.3117024,58
2024,45.4701387,-93.3050591,85
2024,45.5734246,-93.7221722,257
2024,45.3281035,-93.0882699,4
2024,45.3251215,-93.0828459,64
2024,45.3251215,-93.0828459,2
2024,46.298156,-94.1874234,50
2024,46.5843599,-93.6872638,250
2024,46.562264,-93.698928,300
2024,46.565475,-93.6611557,275
2024,36.259673423723,-88.984836449803,0
2024,43.566706649947,-88.647460031853,6077
2024,43.687086232746,-89.409290472087,68
2024,42.150099456913,-84.212756127002,25
2024,42.313450294847,-88.244377627338,108
2024,42.352376701071,-88.18826456147,10
2024,42.465127653022,-88.185056697351,84
2024,41.361815052718,-88.317258569226,22
2024,42.064826570164,-90.127253664528,0
2024,41.287566991739,-85.653604139865,7
2024,42.632546709244,-88.157134492571,951
2024,43.090631548616,-83.245715227896,11
2024,43.081828246684,-83.265657577515,25
2024,43.086042300551,-83.293387826043,0
2024,43.083228542951,-83.259440755723,30
2024,43.08443526138,-83.244586862856,3
2024,43.088189594196,-83.230864910201,2
2024,43.087073805193,-83.224287185669,12
2024,45.798416076295,-76.787534883166,2497
2024,44.407168321883,-78.867931436544,736
2024,44.37591019726,-79.936815213261,2127
2024,43.924449892838,-80.465570227843,974
2024,42.602449774244,-80.476177267988,468
2025,44.346509240143,-90.178399085999,4900
2025,42.772902362761,-83.814868927002,150
2025,44.527781608888,-88.622417449951,2910
2025,42.521648422968,-88.404750823975,686
2025,40.579411275185,-83.286838531494,0
2025,40.709214588004,-83.28284740448,150
2025,40.504736568351,-84.564814567566,0
2025,41.41494154896,-82.932958602905,0
2025,41.44511496379,-83.019948005676,52
2025,41.531527391194,-82.992911338806,0
2025,41.561148846587,-83.055868148804,4
2025,41.6142152,-83.1721453,0
2025,41.6155905,-83.2157973,7
2025,41.686158,-83.3218734,37
2025,40.6911699,-81.975979,150
2025,40.757603261967,-82.087140083313,83
2025,41.643219628552,-83.2333879,0
2025,39.499346834694,-75.595765113831,31
2025,39.495998015244,-75.594713687897,17
2025,42.354710613219,-84.284298419952,1508
2025,42.328798957971,-84.278998374939,289
2025,43.568731647544,-88.649883270264,8471
2025,42.395576572181,-84.997336864471,889
2025,42.158918014276,-84.281659126282,559
2025,42.029326276672,-90.116962194497,310
2025,41.213536808126,-89.322717190007,4
2025,41.718598380353,-89.184980392674,2
2025,42.465058964634,-88.184714429195,5
2025,41.360727002355,-88.316408417294,14
2025,42.35284483195,-88.188373909278,3
2025,42.313769305094,-88.243491313364,55
2025,42.18859497358,-88.404028082025,44
2025,42.631882787128,-88.155884742737,710
2025,43.023033196112,-76.756522178584,30
2025,42.456338835579,-95.107312202454,1
2025,42.665649577743,-92.825546264648,4
2025,42.829416902988,-92.244558334351,50
2025,40.722298935185,-95.581140518188,2
2025,43.16025500518,-93.742818832397,43
2025,41.389052512363,-91.396594047546,84
2025,41.943180668112,-92.448406219482,115
2025,42.676646064568,-92.151002883911,8
2025,43.494168229153,-93.295125961304,217
2025,42.165980005292,-90.299892425537,4
2025,43.720133019246,-89.561791419983,95
2025,43.658627843752,-89.523768424988,71
2025,43.653842413184,-89.573743343353,76
2025,43.686812614385,-89.553637504578,628
2025,43.694876826994,-89.582240581512,449
2025,43.639712883286,-89.523875713348,9
2025,43.827979084509,-89.916315078735,247
2025,43.193303414267,-89.964208602905,613
2025,43.195986247525,-89.999356269836,25
2025,43.180216067569,-90.028796195984,32
2025,43.418425528926,-89.530184268951,175
2025,43.563670848813,-89.60813999176,1585
2025,43.562621321195,-89.639253616333,540
2025,43.564059558106,-89.649252891541,3
2025,43.5659719713,-89.65380191803,234
2025,43.569268020645,-89.668307304382,761
2025,43.578778133027,-89.645154476166,23
2025,45.864940977858,-92.614574432373,5512
2025,45.709325985832,-92.690448760986,2242
2025,45.037842200089,-74.478399753571,80
2025,44.146262312562,-93.06715965271,5
2025,45.10542850821,-93.850514888763,2
2025,45.421723670439,-93.308687210083,78
2025,46.690928928625,-93.602313995361,835
2025,41.57192,-76.49598,2
2025,41.54485,-76.6301,2
2025,41.43302,-75.31709,2
2025,41.58897,-76.39313,2
2025,41.55053,-76.46873,2
2025,41.58511,-76.18956,2
2025,41.72798,-75.9484,2
2025,40.4204,-77.00319,3
2025,41.70649,-76.08271,3
2025,41.20638,-76.18224,3
2025,41.61122,-76.2885,3
2025,41.43328,-75.31537,3
2025,41.60457,-76.33296,4
2025,41.5571,-76.30582,4
2025,41.74936,-76.56448,4
2025,41.59603,-76.34094,4
2025,41.5697,-79.9688,31
2025,41.57106,-80.2047,46
2025,41.618,-80.41,299
2025,41.60551,-75.32998,0
2025,41.06663,-75.28568,0
2025,41.60904,-75.73135,0
2025,41.60278,-75.61942,0
2025,41.913489,-76.618406,0
2025,41.858089,-76.76391,0
2025,41.46745,-75.31505,0
2025,39.95558,-77.11708,0
2025,41.23863,-76.18539,0
2025,41.64529,-76.33758,0
2025,41.39077,-75.38298,0
2025,41.54569,-75.34392,0
2025,41.32359,-75.28549,0
2025,41.516955,-75.413049,0
2025,41.52399,-76.34966,0
2025,41.55978,-75.95593,0
2025,41.63484,-75.28098,0
2025,40.017366,-76.706832,0
2025,41.80192,-79.9686,0
