date,scene_id,clear_fraction,dark_fraction_nir_lt_0.10,wet_fraction_mndwi_gt_-0.2,open_water_fraction_mndwi_gt_0,median_mndwi
2016-04-23,S2A_MSIL2A_20160423T163322_R083_T17TKG_20210211T055414,1.0,0.3223,0.1138,0.0768,-0.4582
2016-06-29,S2A_MSIL2A_20160629T162332_R040_T17TKG_20210212T002411,1.0,0.004,0.0283,0.002,-0.5291
2016-08-01,S2A_MSIL2A_20160801T163332_R083_T17TKG_20210212T101031,0.993,0.0041,0.027,0.0014,-0.5169
2016-08-08,S2A_MSIL2A_20160808T162342_R040_T17TKG_20210528T230300,1.0,0.0048,0.0148,0.0011,-0.5419
2016-08-21,S2A_MSIL2A_20160821T163322_R083_T17TKG_20210212T164123,0.995,0.008,0.0164,0.0002,-0.5092
2016-10-07,S2A_MSIL2A_20161007T162332_R040_T17TKG_20210213T082709,1.0,0.0876,0.0179,0.0018,-0.5705
2016-11-09,S2A_MSIL2A_20161109T163512_R083_T17TKG_20210414T022033,1.0,0.1955,0.0677,0.0241,-0.56
2017-03-29,S2A_MSIL2A_20170329T163321_R083_T17TKG_20210209T025526,1.0,0.3427,0.0627,0.0178,-0.4847
2017-05-08,S2A_MSIL2A_20170508T163331_R083_T17TKG_20210209T140509,1.0,0.4106,0.1892,0.071,-0.3568
2017-05-15,S2A_MSIL2A_20170515T162341_R040_T17TKG_20210209T154427,1.0,0.2171,0.1124,0.0442,-0.403
2017-07-02,S2B_MSIL2A_20170702T163319_R083_T17TKG_20210210T035801,1.0,0.0006,0.0616,0.0066,-0.4939
2017-07-09,S2B_MSIL2A_20170709T162339_R040_T17TKG_20210210T064917,1.0,0.0008,0.0376,0.0031,-0.4981
2017-08-23,S2A_MSIL2A_20170823T161901_R040_T17TKG_20210204T154902,0.962,0.0004,0.052,0.0042,-0.4415
2017-09-27,S2B_MSIL2A_20170927T162019_R040_T17TKG_20210202T105343,1.0,0.0504,0.0129,0.0001,-0.5611
2017-10-02,S2A_MSIL2A_20171002T162111_R040_T17TKG_20210202T125328,1.0,0.0189,0.0168,0.0,-0.5314
2017-10-17,S2B_MSIL2A_20171017T162319_R040_T17TKG_20201119T162805,0.968,0.1289,0.0544,0.0066,-0.5336
2017-10-22,S2A_MSIL2A_20171022T162331_R040_T17TKG_20201015T013306,1.0,0.1472,0.0582,0.0328,-0.5603
2017-11-24,S2A_MSIL2A_20171124T163611_R083_T17TKG_20201014T220049,1.0,0.356,0.027,0.006,-0.6109
2017-11-29,S2B_MSIL2A_20171129T163619_R083_T17TKG_20201014T225935,0.999,0.3216,0.032,0.0132,-0.6282
2018-03-19,S2B_MSIL2A_20180319T162959_R083_T17TKG_20201013T112417,0.977,0.5077,0.0008,0.0,-0.6185
2018-03-26,S2B_MSIL2A_20180326T161909_R040_T17TKG_20201013T144646,0.977,0.3548,0.0216,0.0082,-0.5481
2018-04-05,S2B_MSIL2A_20180405T161859_R040_T17TKG_20201012T184759,0.999,0.319,0.0369,0.0148,-0.5335
2018-04-20,S2A_MSIL2A_20180420T161901_R040_T17TKG_20201013T002532,0.975,0.3714,0.0604,0.0238,-0.4913
2018-04-30,S2A_MSIL2A_20180430T161901_R040_T17TKG_20201013T043436,0.953,0.2567,0.0504,0.0234,-0.4926
2018-05-05,S2B_MSIL2A_20180505T161859_R040_T17TKG_20201012T061902,0.999,0.2879,0.1227,0.0812,-0.4216
2018-05-08,S2B_MSIL2A_20180508T162859_R083_T17TKG_20201026T091003,1.0,0.2653,0.1172,0.0693,-0.426
2018-05-25,S2B_MSIL2A_20180525T161829_R040_T17TKG_20201012T141704,1.0,0.275,0.1574,0.0212,-0.3803
2018-05-28,S2B_MSIL2A_20180528T162829_R083_T17TKG_20201012T151331,1.0,0.1459,0.1587,0.0079,-0.3603
2018-06-04,S2B_MSIL2A_20180604T161859_R040_T17TKG_20201026T154511,1.0,0.0894,0.0665,0.0106,-0.4547
2018-06-07,S2B_MSIL2A_20180607T162859_R083_T17TKG_20201026T184053,0.963,0.0175,0.0846,0.0009,-0.4042
2018-06-29,S2A_MSIL2A_20180629T161901_R040_T17TKG_20201012T034648,0.999,0.0201,0.0241,0.0004,-0.5033
2018-07-02,S2A_MSIL2A_20180702T162901_R083_T17TKG_20201011T110532,1.0,0.0074,0.0393,0.0007,-0.4999
2018-07-04,S2B_MSIL2A_20180704T162029_R040_T17TKG_20201011T120126,0.992,0.0147,0.038,0.0003,-0.4696
2018-07-07,S2B_MSIL2A_20180707T163209_R083_T17TKG_20201011T131028,1.0,0.006,0.0391,0.0006,-0.5221
2018-07-09,S2A_MSIL2A_20180709T161901_R040_T17TKG_20201011T134453,1.0,0.0051,0.0183,0.0001,-0.5115
2018-07-12,S2A_MSIL2A_20180712T162901_R083_T17TKG_20201011T145514,1.0,0.003,0.0358,0.0005,-0.4855
2018-08-11,S2A_MSIL2A_20180811T162901_R083_T17TKG_20201011T001550,0.995,0.0004,0.0335,0.0004,-0.4109
2018-08-18,S2A_MSIL2A_20180818T161901_R040_T17TKG_20201011T032947,1.0,0.0,0.9918,0.1881,-0.0683
2018-08-31,S2A_MSIL2A_20180831T162901_R083_T17TKG_20201103T182935,0.96,0.0366,0.0116,0.0002,-0.5158
2018-09-05,S2B_MSIL2A_20180905T163009_R083_T17TKG_20201011T090253,0.966,0.0269,0.0007,0.0,-0.5577
2018-10-22,S2B_MSIL2A_20181022T162319_R040_T17TKG_20201009T141951,1.0,0.1953,0.0672,0.0116,-0.5672
2019-03-26,S2A_MSIL2A_20190326T162031_R040_T17TKG_20201007T105232,0.975,0.2662,0.0118,0.0047,-0.5916
2019-04-03,S2B_MSIL2A_20190403T162839_R083_T17TKG_20201006T215417,0.985,0.3255,0.0199,0.0086,-0.596
2019-04-15,S2A_MSIL2A_20190415T161901_R040_T17TKG_20201007T022333,0.998,0.2853,0.0253,0.008,-0.5536
2019-04-28,S2A_MSIL2A_20190428T162901_R083_T17TKG_20201105T211112,0.997,0.3119,0.0977,0.0606,-0.4718
2019-05-05,S2A_MSIL2A_20190505T161901_R040_T17TKG_20201006T101916,0.988,0.3014,0.0914,0.0278,-0.4423
2019-05-15,S2A_MSIL2A_20190515T161901_R040_T17TKG_20201006T142745,1.0,0.2177,0.1219,0.0711,-0.3997
2019-05-23,S2B_MSIL2A_20190523T162839_R083_T17TKG_20201006T173516,1.0,0.2006,0.1095,0.063,-0.4359
2019-06-02,S2B_MSIL2A_20190602T162839_R083_T17TKG_20201005T212029,1.0,0.0581,0.0849,0.014,-0.4483
2019-06-27,S2A_MSIL2A_20190627T162901_R083_T17TKG_20201006T070016,1.0,0.0099,0.0734,0.0045,-0.4847
2019-07-09,S2B_MSIL2A_20190709T161839_R040_T17TKG_20201005T114509,1.0,0.0,0.1,0.011,-0.3634
2019-07-14,S2A_MSIL2A_20190714T161911_R040_T17TKG_20201005T135417,1.0,0.0057,0.0318,0.0009,-0.5093
2019-07-24,S2A_MSIL2A_20190724T161911_R040_T17TKG_20201005T185849,1.0,0.0054,0.0323,0.001,-0.4945
2019-08-01,S2B_MSIL2A_20190801T162839_R083_T17TKG_20201004T191953,1.0,0.0019,0.0411,0.0016,-0.4733
2019-08-03,S2A_MSIL2A_20190803T161911_R040_T17TKG_20201004T195459,1.0,0.0032,0.0257,0.0002,-0.4972
2019-08-11,S2B_MSIL2A_20190811T162839_R083_T17TKG_20201004T231536,1.0,0.0029,0.0271,0.0,-0.4778
2019-08-31,S2B_MSIL2A_20190831T162839_R083_T17TKG_20201005T073023,0.995,0.0017,0.0192,0.0,-0.4876
2019-09-07,S2B_MSIL2A_20190907T161829_R040_T17TKG_20201004T103201,1.0,0.0059,0.0212,0.0,-0.5204
2019-09-20,S2B_MSIL2A_20190920T162949_R083_T17TKG_20201004T152927,1.0,0.0177,0.0272,0.0007,-0.5508
2019-09-22,S2A_MSIL2A_20190922T162001_R040_T17TKG_20201004T160317,1.0,0.0152,0.0343,0.0008,-0.5165
2019-10-07,S2B_MSIL2A_20191007T162149_R040_T17TKG_20201003T234705,1.0,0.1154,0.0472,0.0024,-0.5436
2019-10-10,S2B_MSIL2A_20191010T163209_R083_T17TKG_20201004T005328,1.0,0.1386,0.044,0.0015,-0.5564
2019-11-24,S2A_MSIL2A_20191124T163621_R083_T17TKG_20201003T193035,0.994,0.1649,0.1281,0.0829,-0.4725
2019-11-26,S2B_MSIL2A_20191126T162619_R040_T17TKG_20201003T200334,0.961,0.1414,0.0789,0.0217,-0.5161
2020-03-13,S2A_MSIL2A_20200313T163041_R083_T17TKG_20201008T073551,1.0,0.2507,0.0879,0.059,-0.4905
2020-03-15,S2B_MSIL2A_20200315T161929_R040_T17TKG_20201010T085352,0.998,0.2437,0.0694,0.0383,-0.5247
2020-03-25,S2B_MSIL2A_20200325T161829_R040_T17TKG_20201019T114818,0.996,0.1724,0.1346,0.0627,-0.4034
2020-04-02,S2A_MSIL2A_20200402T162851_R083_T17TKG_20200924T165224,1.0,0.4774,0.1048,0.0289,-0.474
2020-04-07,S2B_MSIL2A_20200407T162829_R083_T17TKG_20200925T104743,1.0,0.448,0.2764,0.1617,-0.2796
2020-05-04,S2B_MSIL2A_20200504T161829_R040_T17TKG_20200920T125928,0.974,0.2048,0.0824,0.0376,-0.4531
2020-05-07,S2B_MSIL2A_20200507T162829_R083_T17TKG_20200920T225248,1.0,0.1958,0.1247,0.0914,-0.4377
2020-05-12,S2A_MSIL2A_20200512T162901_R083_T17TKG_20200917T215319,0.962,0.1489,0.1142,0.0802,-0.4275
2020-06-06,S2B_MSIL2A_20200606T162839_R083_T17TKG_20200826T102739,1.0,0.1077,0.1536,0.028,-0.3915
2020-06-11,S2A_MSIL2A_20200611T162901_R083_T17TKG_20200826T234208,1.0,0.0264,0.1066,0.0254,-0.4412
2020-06-13,S2B_MSIL2A_20200613T161829_R040_T17TKG_20200827T070624,1.0,0.0162,0.0829,0.0218,-0.4488
2020-06-18,S2A_MSIL2A_20200618T161911_R040_T17TKG_20200823T045047,1.0,0.0114,0.075,0.0169,-0.4771
2020-08-07,S2A_MSIL2A_20200807T161911_R040_T17TKG_20200815T080935,1.0,0.0024,0.0093,0.0,-0.5136
2020-08-15,S2B_MSIL2A_20200815T162839_R083_T17TKG_20200818T095529,1.0,0.002,0.013,0.0,-0.5189
2020-08-20,S2A_MSIL2A_20200820T162901_R083_T17TKG_20200908T101835,1.0,0.0016,0.0101,0.0,-0.5282
2020-08-22,S2B_MSIL2A_20200822T161829_R040_T17TKG_20200825T130719,1.0,0.001,0.0099,0.0,-0.5062
2020-09-04,S2B_MSIL2A_20200904T162839_R083_T17TKG_20201029T012933,1.0,0.0045,0.0076,0.0,-0.55
2020-09-16,S2A_MSIL2A_20200916T161921_R040_T17TKG_20200918T123503,1.0,0.0017,0.0995,0.0097,-0.4314
2020-09-19,S2A_MSIL2A_20200919T162951_R083_T17TKG_20200922T200943,1.0,0.011,0.0135,0.0,-0.5564
2020-09-21,S2B_MSIL2A_20200921T161859_R040_T17TKG_20200924T101457,1.0,0.0032,0.037,0.0,-0.5017
2020-09-24,S2B_MSIL2A_20200924T162929_R083_T17TKG_20200926T123452,1.0,0.0065,0.0688,0.0024,-0.4849
2020-09-26,S2A_MSIL2A_20200926T162041_R040_T17TKG_20200927T201614,1.0,0.0136,0.0241,0.0,-0.5301
2020-10-06,S2A_MSIL2A_20201006T162151_R040_T17TKG_20201010T061752,1.0,0.0705,0.0842,0.0066,-0.4917
2020-10-09,S2A_MSIL2A_20201009T163211_R083_T17TKG_20201011T102641,1.0,0.1203,0.0927,0.0255,-0.5079
2020-10-11,S2B_MSIL2A_20201011T162129_R040_T17TKG_20201013T225343,1.0,0.1376,0.0215,0.0017,-0.5987
2020-10-31,S2B_MSIL2A_20201031T162429_R040_T17TKG_20201102T055539,1.0,0.1615,0.0767,0.0343,-0.5446
2020-11-03,S2B_MSIL2A_20201103T163449_R083_T17TKG_20201110T060433,1.0,0.2038,0.0667,0.0263,-0.5793
2020-11-10,S2B_MSIL2A_20201110T162519_R040_T17TKG_20201111T161420,0.998,0.1706,0.0463,0.0235,-0.5896
2020-11-10,S2B_MSIL2A_20201110T162519_R040_T17TKG_20201111T160850,0.998,0.1623,0.0746,0.0373,-0.5369
2020-11-20,S2B_MSIL2A_20201120T162559_R040_T17TKG_20201122T034758,1.0,0.2041,0.0094,0.0023,-0.6429
2020-11-28,S2A_MSIL2A_20201128T163631_R083_T17TKG_20201219T212805,1.0,0.3037,0.0599,0.0343,-0.5831
2021-03-03,S2B_MSIL2A_20210303T163059_R083_T17TKG_20210304T035559,0.995,0.1254,0.1963,0.1551,-0.3422
2021-03-05,S2A_MSIL2A_20210305T162141_R040_T17TKG_20210306T151909,0.984,0.1281,0.1517,0.1195,-0.3698
2021-04-02,S2B_MSIL2A_20210402T162829_R083_T17TKG_20210403T033819,0.997,0.2592,0.0272,0.0071,-0.5634
2021-04-04,S2A_MSIL2A_20210404T161901_R040_T17TKG_20210405T120200,0.973,0.1657,0.111,0.0063,-0.3452
2021-05-14,S2A_MSIL2A_20210514T161901_R040_T17TKG_20210516T045423,1.0,0.1454,0.1117,0.0449,-0.4337
2021-05-29,S2B_MSIL2A_20210529T161829_R040_T17TKG_20210529T223351,1.0,0.0315,0.0952,0.0241,-0.4409
2021-06-06,S2A_MSIL2A_20210606T162901_R083_T17TKG_20210609T213057,0.978,0.0071,0.0875,0.0076,-0.449
2021-06-11,S2B_MSIL2A_20210611T162839_R083_T17TKG_20210614T074524,0.958,0.0064,0.0694,0.0037,-0.4548
2021-06-13,S2A_MSIL2A_20210613T161901_R040_T17TKG_20210615T030339,1.0,0.0069,0.0363,0.0024,-0.4921
2021-06-16,S2A_MSIL2A_20210616T162901_R083_T17TKG_20210617T053840,1.0,0.0054,0.07,0.0021,-0.482
2021-07-06,S2A_MSIL2A_20210706T162901_R083_T17TKG_20210713T053035,0.989,0.0023,0.0346,0.0016,-0.4588
2021-07-18,S2B_MSIL2A_20210718T161829_R040_T17TKG_20210719T030224,1.0,0.0051,0.0395,0.0057,-0.4596
2021-07-26,S2A_MSIL2A_20210726T162901_R083_T17TKG_20210727T030631,1.0,0.0275,0.0164,0.0002,-0.5106
2021-07-28,S2B_MSIL2A_20210728T161829_R040_T17TKG_20210729T042501,1.0,0.0085,0.0776,0.0329,-0.4313
2021-08-10,S2B_MSIL2A_20210810T162839_R083_T17TKG_20210811T013055,0.994,0.0369,0.018,0.0011,-0.4921
2021-08-15,S2A_MSIL2A_20210815T162901_R083_T17TKG_20210816T063521,1.0,0.0441,0.0104,0.0001,-0.517
2021-08-20,S2B_MSIL2A_20210820T162829_R083_T17TKG_20210821T055936,0.998,0.0346,0.0108,0.0,-0.4996
2021-09-11,S2A_MSIL2A_20210911T161901_R040_T17TKG_20210912T065747,1.0,0.0099,0.01,0.0,-0.4913
2021-09-19,S2B_MSIL2A_20210919T162849_R083_T17TKG_20210920T033811,1.0,0.0289,0.0196,0.0002,-0.5174
2021-09-24,S2A_MSIL2A_20210924T163021_R083_T17TKG_20210925T142347,1.0,0.0588,0.0488,0.0007,-0.5149
2021-09-26,S2B_MSIL2A_20210926T161929_R040_T17TKG_20210927T064033,1.0,0.0519,0.0213,0.0,-0.512
2021-09-29,S2B_MSIL2A_20210929T162949_R083_T17TKG_20210930T073436,1.0,0.0646,0.0222,0.0004,-0.5234
2021-10-01,S2A_MSIL2A_20211001T162111_R040_T17TKG_20211002T153823,1.0,0.0612,0.0188,0.0001,-0.5177
2021-10-19,S2B_MSIL2A_20211019T163219_R083_T17TKG_20211020T234427,1.0,0.321,0.0507,0.0164,-0.5081
2021-11-08,S2B_MSIL2A_20211108T163509_R083_T17TKG_20211109T133720,1.0,0.4746,0.1191,0.0491,-0.4645
2021-11-23,S2A_MSIL2A_20211123T163621_R083_T17TKG_20211124T023102,1.0,0.4113,0.0,0.0,-0.721
2022-03-05,S2B_MSIL2A_20220305T162039_R040_T17TKG_20240524T211445,0.991,0.1376,0.2944,0.2021,-0.2133
2022-03-05,S2B_MSIL2A_20220305T162039_R040_T17TKG_20220306T075800,0.991,0.137,0.2923,0.2018,-0.2154
2022-03-20,S2A_MSIL2A_20220320T161951_R040_T17TKG_20240522T035050,1.0,0.3696,0.1328,0.0836,-0.4111
2022-03-20,S2A_MSIL2A_20220320T161951_R040_T17TKG_20220321T075755,1.0,0.3662,0.1439,0.0902,-0.3987
2022-04-12,S2A_MSIL2A_20220412T162841_R083_T17TKG_20220413T140949,1.0,0.3794,0.1299,0.0759,-0.4283
2022-04-14,S2B_MSIL2A_20220414T161829_R040_T17TKG_20220415T081355,0.992,0.3076,0.1247,0.0882,-0.413
2022-04-17,S2B_MSIL2A_20220417T162829_R083_T17TKG_20240610T190235,0.999,0.345,0.1193,0.0921,-0.4247
2022-04-17,S2B_MSIL2A_20220417T162829_R083_T17TKG_20220418T020430,0.999,0.3437,0.1226,0.0923,-0.423
2022-05-07,S2B_MSIL2A_20220507T162829_R083_T17TKG_20240618T155356,1.0,0.5951,0.2194,0.1158,-0.3541
2022-05-07,S2B_MSIL2A_20220507T162829_R083_T17TKG_20220508T171428,1.0,0.5941,0.2238,0.1172,-0.3525
2022-05-09,S2A_MSIL2A_20220509T161831_R040_T17TKG_20240614T041625,1.0,0.4623,0.2686,0.1531,-0.3042
2022-05-09,S2A_MSIL2A_20220509T161831_R040_T17TKG_20220510T213617,1.0,0.4835,0.2413,0.1223,-0.3306
2022-05-17,S2B_MSIL2A_20220517T162839_R083_T17TKG_20220519T172355,0.975,0.2157,0.1797,0.0743,-0.375
2022-05-17,S2B_MSIL2A_20220517T162839_R083_T17TKG_20220519T153601,0.975,0.216,0.1875,0.0782,-0.3668
2022-05-24,S2B_MSIL2A_20220524T161829_R040_T17TKG_20220525T054204,1.0,0.0992,0.106,0.0257,-0.4046
2022-06-03,S2B_MSIL2A_20220603T161829_R040_T17TKG_20220604T071404,1.0,0.0417,0.0787,0.0125,-0.4366
2022-06-16,S2B_MSIL2A_20220616T162839_R083_T17TKG_20220618T222057,1.0,0.0132,0.0711,0.0012,-0.464
2022-06-18,S2A_MSIL2A_20220618T161841_R040_T17TKG_20240628T022543,1.0,0.0053,0.0456,0.0014,-0.4621
2022-06-18,S2A_MSIL2A_20220618T161841_R040_T17TKG_20220620T193122,1.0,0.0053,0.0457,0.0014,-0.4622
2022-06-21,S2A_MSIL2A_20220621T162911_R083_T17TKG_20220622T103842,1.0,0.002,0.0699,0.0011,-0.468
2022-06-23,S2B_MSIL2A_20220623T161839_R040_T17TKG_20240714T163948,1.0,0.0023,0.0406,0.002,-0.4797
2022-06-23,S2B_MSIL2A_20220623T161839_R040_T17TKG_20220624T061952,1.0,0.0023,0.039,0.0017,-0.4793
2022-06-28,S2A_MSIL2A_20220628T161841_R040_T17TKG_20240630T085903,1.0,0.0017,0.0363,0.0012,-0.4825
2022-06-28,S2A_MSIL2A_20220628T161841_R040_T17TKG_20220629T104057,1.0,0.0017,0.0369,0.001,-0.4826
2022-07-03,S2B_MSIL2A_20220703T161839_R040_T17TKG_20240701T081326,1.0,0.0019,0.0328,0.0015,-0.4777
2022-07-03,S2B_MSIL2A_20220703T161839_R040_T17TKG_20220704T040724,1.0,0.0019,0.0318,0.0013,-0.4776
2022-07-21,S2A_MSIL2A_20220721T162851_R083_T17TKG_20240713T084846,1.0,0.0023,0.0177,0.0001,-0.4908
2022-07-21,S2A_MSIL2A_20220721T162851_R083_T17TKG_20220724T001915,1.0,0.0019,0.0179,0.0001,-0.4899
2022-07-31,S2A_MSIL2A_20220731T162841_R083_T17TKG_20240716T024043,0.976,0.0016,0.0206,0.0001,-0.4682
2022-07-31,S2A_MSIL2A_20220731T162841_R083_T17TKG_20220801T184857,0.976,0.0015,0.0209,0.0001,-0.468
2022-08-12,S2B_MSIL2A_20220812T161829_R040_T17TKG_20220813T023930,1.0,0.0026,0.0064,0.0,-0.5039
2022-08-17,S2A_MSIL2A_20220817T161841_R040_T17TKG_20240703T180524,1.0,0.0021,0.0039,0.0,-0.5026
2022-08-17,S2A_MSIL2A_20220817T161841_R040_T17TKG_20220818T064208,1.0,0.0023,0.0041,0.0,-0.5026
2022-09-01,S2B_MSIL2A_20220901T161829_R040_T17TKG_20220902T074726,1.0,0.0021,0.0057,0.0,-0.5223
2022-09-14,S2B_MSIL2A_20220914T162839_R083_T17TKG_20240731T104852,1.0,0.0045,0.0436,0.0003,-0.4964
2022-09-14,S2B_MSIL2A_20220914T162839_R083_T17TKG_20220915T050310,1.0,0.0043,0.0476,0.0003,-0.4899
2022-09-19,S2A_MSIL2A_20220919T162951_R083_T17TKG_20240731T074039,1.0,0.007,0.0079,0.0,-0.5415
2022-09-19,S2A_MSIL2A_20220919T162951_R083_T17TKG_20220920T101227,1.0,0.007,0.0081,0.0,-0.5389
2022-10-01,S2B_MSIL2A_20221001T162059_R040_T17TKG_20240724T022521,1.0,0.0485,0.0155,0.0002,-0.5478
2022-10-01,S2B_MSIL2A_20221001T162059_R040_T17TKG_20221002T101559,1.0,0.0497,0.0159,0.0002,-0.5478
2022-10-04,S2B_MSIL2A_20221004T163129_R083_T17TKG_20221005T063931,1.0,0.0874,0.0227,0.0001,-0.5632
2022-10-06,S2A_MSIL2A_20221006T162151_R040_T17TKG_20240801T173231,1.0,0.074,0.0334,0.0002,-0.5305
2022-10-06,S2A_MSIL2A_20221006T162151_R040_T17TKG_20221007T071713,1.0,0.0725,0.0301,0.0001,-0.535
2022-10-09,S2A_MSIL2A_20221009T163211_R083_T17TKG_20240723T020323,1.0,0.126,0.0403,0.0031,-0.5564
2022-10-09,S2A_MSIL2A_20221009T163211_R083_T17TKG_20221010T042326,1.0,0.1252,0.0428,0.0033,-0.5529
2022-10-14,S2B_MSIL2A_20221014T163229_R083_T17TKG_20221015T074515,1.0,0.0597,0.0823,0.0019,-0.468
2022-10-16,S2A_MSIL2A_20221016T162241_R040_T17TKG_20240723T134051,1.0,0.1401,0.0526,0.0058,-0.5526
2022-10-16,S2A_MSIL2A_20221016T162241_R040_T17TKG_20221017T062948,1.0,0.1411,0.0522,0.0054,-0.5527
2022-10-21,S2B_MSIL2A_20221021T162319_R040_T17TKG_20221023T024308,1.0,0.1311,0.0711,0.0047,-0.5176
2022-10-24,S2B_MSIL2A_20221024T163339_R083_T17TKG_20221025T051026,1.0,0.1605,0.0551,0.0075,-0.5651
2022-10-29,S2A_MSIL2A_20221029T163421_R083_T17TKG_20240802T110754,1.0,0.1916,0.0607,0.0263,-0.591
2022-10-29,S2A_MSIL2A_20221029T163421_R083_T17TKG_20221030T034709,1.0,0.1921,0.0608,0.0269,-0.5919
2022-11-03,S2B_MSIL2A_20221103T163439_R083_T17TKG_20221104T074405,1.0,0.2081,0.0941,0.0625,-0.5299
2022-11-08,S2A_MSIL2A_20221108T163511_R083_T17TKG_20221109T140513,1.0,0.2166,0.0865,0.0506,-0.5513
2022-11-10,S2B_MSIL2A_20221110T162509_R040_T17TKG_20221111T015612,1.0,0.1815,0.0962,0.071,-0.5137
2022-11-25,S2A_MSIL2A_20221125T162621_R040_T17TKG_20221202T052626,1.0,0.1707,0.1189,0.1009,-0.4618
2023-03-30,S2B_MSIL2A_20230330T161829_R040_T17TKG_20240825T053721,0.982,0.2798,0.1142,0.0895,-0.4129
2023-03-30,S2B_MSIL2A_20230330T161829_R040_T17TKG_20230330T212204,0.983,0.2994,0.0363,0.0218,-0.5497
2023-04-07,S2A_MSIL2A_20230407T162831_R083_T17TKG_20240828T220654,1.0,0.5765,0.2631,0.1241,-0.3144
2023-04-07,S2A_MSIL2A_20230407T162831_R083_T17TKG_20230408T022616,1.0,0.5873,0.1552,0.0654,-0.407
2023-04-09,S2B_MSIL2A_20230409T161829_R040_T17TKG_20240825T101805,1.0,0.5269,0.3227,0.1617,-0.2634
2023-04-09,S2B_MSIL2A_20230409T161829_R040_T17TKG_20230409T212133,1.0,0.5377,0.2915,0.1409,-0.2876
2023-04-12,S2B_MSIL2A_20230412T162839_R083_T17TKG_20240828T163951,1.0,0.5494,0.2666,0.1226,-0.3148
2023-04-12,S2B_MSIL2A_20230412T162839_R083_T17TKG_20230412T231927,1.0,0.5709,0.1644,0.0742,-0.3904
2023-04-14,S2A_MSIL2A_20230414T161831_R040_T17TKG_20240825T223448,1.0,0.4493,0.1583,0.0906,-0.3743
2023-04-14,S2A_MSIL2A_20230414T161831_R040_T17TKG_20230415T023236,1.0,0.4559,0.134,0.076,-0.3986
2023-04-19,S2B_MSIL2A_20230419T161829_R040_T17TKG_20240831T052504,1.0,0.3088,0.1459,0.0883,-0.3777
2023-04-19,S2B_MSIL2A_20230419T161829_R040_T17TKG_20230419T213445,1.0,0.3229,0.1245,0.0639,-0.4083
2023-04-27,S2A_MSIL2A_20230427T162831_R083_T17TKG_20230428T001119,1.0,0.2745,0.1236,0.0918,-0.4326
2023-05-04,S2A_MSIL2A_20230504T161831_R040_T17TKG_20230504T233132,1.0,0.2387,0.1248,0.0956,-0.4081
2023-05-09,S2B_MSIL2A_20230509T161829_R040_T17TKG_20230509T221121,0.998,0.1667,0.1455,0.1023,-0.3827
2023-05-17,S2A_MSIL2A_20230517T162831_R083_T17TKG_20230518T150957,1.0,0.0833,0.1717,0.1009,-0.3714
2023-05-22,S2B_MSIL2A_20230522T162839_R083_T17TKG_20230522T211800,1.0,0.0,0.4533,0.2014,-0.1583
2023-05-24,S2A_MSIL2A_20230524T161831_R040_T17TKG_20240907T184153,1.0,0.0439,0.1403,0.0496,-0.4124
2023-05-24,S2A_MSIL2A_20230524T161831_R040_T17TKG_20230525T023130,1.0,0.0426,0.1407,0.0505,-0.4109
2023-05-29,S2B_MSIL2A_20230529T161829_R040_T17TKG_20240906T150720,1.0,0.0171,0.1034,0.0205,-0.4428
2023-05-29,S2B_MSIL2A_20230529T161829_R040_T17TKG_20230529T212825,1.0,0.0164,0.1049,0.0208,-0.4417
2023-06-08,S2B_MSIL2A_20230608T161829_R040_T17TKG_20240927T124715,0.968,0.0,0.3632,0.1249,-0.1986
2023-06-08,S2B_MSIL2A_20230608T161829_R040_T17TKG_20230608T213531,0.97,0.0,0.3713,0.1262,-0.196
2023-06-18,S2B_MSIL2A_20230618T161829_R040_T17TKG_20230618T222414,1.0,0.0015,0.0568,0.0051,-0.4494
2023-06-21,S2B_MSIL2A_20230621T162839_R083_T17TKG_20240925T130436,1.0,0.0016,0.0623,0.0048,-0.4674
2023-06-21,S2B_MSIL2A_20230621T162839_R083_T17TKG_20230622T122354,1.0,0.0016,0.062,0.0049,-0.466
2023-07-11,S2B_MSIL2A_20230711T162839_R083_T17TKG_20241019T193355,1.0,0.0024,0.0285,0.0027,-0.4503
2023-07-11,S2B_MSIL2A_20230711T162839_R083_T17TKG_20230712T002024,1.0,0.0023,0.0286,0.003,-0.4503
2023-08-27,S2B_MSIL2A_20230827T161829_R040_T17TKG_20241024T043128,1.0,0.0051,0.0297,0.0011,-0.4918
2023-08-27,S2B_MSIL2A_20230827T161829_R040_T17TKG_20230827T221229,1.0,0.0051,0.0296,0.0011,-0.4917
2023-08-30,S2B_MSIL2A_20230830T162839_R083_T17TKG_20241022T214015,0.981,0.0091,0.0504,0.0001,-0.4815
2023-08-30,S2B_MSIL2A_20230830T162839_R083_T17TKG_20230830T221322,0.981,0.0089,0.0511,0.0001,-0.4813
2023-09-01,S2A_MSIL2A_20230901T161831_R040_T17TKG_20230902T022303,1.0,0.0054,0.0101,0.0,-0.5258
2023-09-24,S2A_MSIL2A_20230924T163021_R083_T17TKG_20230924T231702,1.0,0.0386,0.0253,0.001,-0.5493
2023-10-01,S2A_MSIL2A_20231001T162101_R040_T17TKG_20231001T231149,1.0,0.0836,0.0448,0.0056,-0.5385
2023-11-05,S2B_MSIL2A_20231105T162449_R040_T17TKG_20241029T115855,1.0,0.1959,0.0893,0.0634,-0.5447
2023-11-05,S2B_MSIL2A_20231105T162449_R040_T17TKG_20231105T201940,1.0,0.1962,0.091,0.0634,-0.5416
2023-11-13,S2A_MSIL2A_20231113T163531_R083_T17TKG_20241111T162042,1.0,0.229,0.0685,0.0337,-0.5841
2023-11-13,S2A_MSIL2A_20231113T163531_R083_T17TKG_20241022T165856,1.0,0.2288,0.0691,0.0343,-0.5827
2023-11-13,S2A_MSIL2A_20231113T163531_R083_T17TKG_20231113T232923,1.0,0.2307,0.0701,0.0316,-0.585
2023-11-13,S2A_MSIL2A_20231113T163531_R083_T17TKG_20231113T211655,1.0,0.2265,0.0747,0.0387,-0.5764
2023-11-15,S2B_MSIL2A_20231115T162539_R040_T17TKG_20231115T212623,1.0,0.1824,0.0882,0.0607,-0.5345
2023-11-18,S2B_MSIL2A_20231118T163549_R083_T17TKG_20231118T211546,1.0,0.2106,0.0852,0.0583,-0.548
2024-03-29,S2A_MSIL2A_20240329T161851_R040_T17TKG_20240330T093942,0.987,0.1906,0.0955,0.072,-0.4705
2024-04-01,S2A_MSIL2A_20240401T162831_R083_T17TKG_20240402T014936,1.0,0.2369,0.1138,0.0897,-0.4533
2024-04-08,S2A_MSIL2A_20240408T161831_R040_T17TKG_20240410T212015,1.0,0.1976,0.0358,0.0001,-0.4997
2024-04-13,S2B_MSIL2A_20240413T161829_R040_T17TKG_20240413T202721,1.0,0.2249,0.1049,0.0841,-0.4572
2024-04-16,S2B_MSIL2A_20240416T162829_R083_T17TKG_20240416T223707,1.0,0.2168,0.1049,0.0499,-0.4611
2024-04-21,S2A_MSIL2A_20240421T162841_R083_T17TKG_20240422T011625,0.981,0.2255,0.1195,0.0905,-0.4288
2024-05-08,S2A_MSIL2A_20240508T161901_R040_T17TKG_20240509T011541,1.0,0.1361,0.1022,0.0498,-0.4405
2024-05-13,S2B_MSIL2A_20240513T161829_R040_T17TKG_20240513T202052,1.0,0.0977,0.1072,0.0437,-0.4244
2024-05-23,S2B_MSIL2A_20240523T161829_R040_T17TKG_20240523T221305,1.0,0.0094,0.0572,0.0038,-0.4679
2024-05-31,S2A_MSIL2A_20240531T162841_R083_T17TKG_20240601T010503,1.0,0.0037,0.0667,0.0005,-0.453
2024-06-10,S2A_MSIL2A_20240610T162901_R083_T17TKG_20240610T231815,1.0,0.0037,0.0597,0.0008,-0.4746
2024-06-17,S2A_MSIL2A_20240617T161911_R040_T17TKG_20240618T014449,1.0,0.0085,0.0576,0.0019,-0.4651
2024-06-27,S2A_MSIL2A_20240627T161901_R040_T17TKG_20240628T014347,0.965,0.0009,0.0052,0.0,-0.4567
2024-06-30,S2A_MSIL2A_20240630T162901_R083_T17TKG_20240701T212858,1.0,0.0032,0.0525,0.001,-0.4399
2024-07-07,S2A_MSIL2A_20240707T161901_R040_T17TKG_20240708T001405,1.0,0.0033,0.005,0.0,-0.496
2024-07-12,S2B_MSIL2A_20240712T161829_R040_T17TKG_20240712T205328,1.0,0.0123,0.0105,0.0001,-0.4683
2024-07-15,S2B_MSIL2A_20240715T162839_R083_T17TKG_20240715T232706,1.0,0.0517,0.0329,0.0004,-0.4519
2024-07-27,S2A_MSIL2A_20240727T161831_R040_T17TKG_20240727T233652,1.0,0.0144,0.0069,0.0003,-0.4851
2024-08-04,S2B_MSIL2A_20240804T162839_R083_T17TKG_20240804T204801,1.0,0.0057,0.0103,0.0002,-0.4807
2024-08-14,S2B_MSIL2A_20240814T162839_R083_T17TKG_20240814T203353,1.0,0.0025,0.01,0.0004,-0.4757
2024-08-19,S2A_MSIL2A_20240819T162901_R083_T17TKG_20240819T222859,1.0,0.0037,0.0066,0.0002,-0.4956
2024-08-21,S2B_MSIL2A_20240821T161829_R040_T17TKG_20240821T201851,1.0,0.0025,0.0045,0.0,-0.4892
2024-08-26,S2A_MSIL2A_20240826T161831_R040_T17TKG_20240826T234850,0.993,0.0,0.004,0.0,-0.4521
2024-10-03,S2B_MSIL2A_20241003T163029_R083_T17TKG_20241003T205354,1.0,0.0575,0.0706,0.0092,-0.5211
2024-10-05,S2A_MSIL2A_20241005T162141_R040_T17TKG_20241005T220355,1.0,0.0763,0.0307,0.0027,-0.5599
2024-10-08,S2A_MSIL2A_20241008T163201_R083_T17TKG_20241008T222853,1.0,0.1278,0.0242,0.0003,-0.5868
2024-10-10,S2B_MSIL2A_20241010T162119_R040_T17TKG_20241010T223103,1.0,0.1336,0.0469,0.0058,-0.5699
2024-10-18,S2A_MSIL2A_20241018T163311_R083_T17TKG_20241018T220450,1.0,0.1585,0.1001,0.0571,-0.5044
2024-10-18,S2A_MSIL2A_20241018T163311_R083_T17TKG_20241018T201649,1.0,0.1611,0.0969,0.05,-0.5163
2024-10-20,S2B_MSIL2A_20241020T162219_R040_T17TKG_20241020T185340,1.0,0.1636,0.0862,0.0357,-0.5345
2024-11-07,S2A_MSIL2A_20241107T163501_R083_T17TKG_20241107T200648,1.0,0.2104,0.0916,0.0653,-0.5581
2025-03-17,S2C_MSIL2A_20250317T163041_R083_T17TKG_20250317T215115,1.0,0.2551,0.1082,0.0865,-0.456
2025-03-19,S2A_MSIL2A_20250319T163701_R083_T17TKG_20250319T222818,1.0,0.2582,0.0806,0.0261,-0.5094
2025-03-19,S2B_MSIL2A_20250319T161909_R040_T17TKG_20250319T215748,1.0,0.2024,0.0939,0.0509,-0.4882
2025-03-26,S2A_MSIL2A_20250326T162701_R040_T17TKG_20250326T214114,0.994,0.1994,0.0915,0.0653,-0.4864
2025-04-01,S2B_MSIL2A_20250401T162829_R083_T17TKG_20250401T213558,0.995,0.2436,0.0995,0.0766,-0.4863
2025-04-11,S2B_MSIL2A_20250411T162839_R083_T17TKG_20250411T203008,1.0,0.2832,0.0927,0.0519,-0.4823
2025-05-11,S2B_MSIL2A_20250511T162829_R083_T17TKG_20250511T202800,1.0,0.1317,0.0918,0.0172,-0.4556
2025-05-25,S2A_MSIL2A_20250525T162711_R040_T17TKG_20250526T011014,0.982,0.0588,0.0368,0.0028,-0.4512
2025-06-02,S2C_MSIL2A_20250602T161921_R040_T17TKG_20250602T215512,1.0,0.0074,0.0437,0.0028,-0.4577
2025-06-22,S2C_MSIL2A_20250622T161851_R040_T17TKG_20250622T215416,1.0,0.0064,0.0056,0.0001,-0.4984
2025-07-04,S2A_MSIL2A_20250704T162711_R040_T17TKG_20250705T010417,1.0,0.0027,0.0103,0.0,-0.4862
2025-07-05,S2C_MSIL2A_20250705T162921_R083_T17TKG_20250705T214302,1.0,0.002,0.0337,0.0002,-0.4767
2025-07-10,S2B_MSIL2A_20250710T162839_R083_T17TKG_20250710T203346,1.0,0.0022,0.0213,0.0003,-0.4842
2025-07-15,S2C_MSIL2A_20250715T162921_R083_T17TKG_20250715T220516,1.0,0.0013,0.0192,0.0009,-0.4534
2025-08-06,S2A_MSIL2A_20250806T163701_R083_T17TKG_20250806T213322,0.971,0.0,0.0155,0.0,-0.4373
2025-08-14,S2C_MSIL2A_20250814T162921_R083_T17TKG_20250814T212815,1.0,0.0017,0.0116,0.0004,-0.5054
2025-08-26,S2B_MSIL2A_20250826T161829_R040_T17TKG_20250826T202542,1.0,0.0017,0.0155,0.0002,-0.4846
2025-08-31,S2C_MSIL2A_20250831T161921_R040_T17TKG_20250831T212417,1.0,0.0017,0.0044,0.0,-0.5154
2025-09-02,S2A_MSIL2A_20250902T162701_R040_T17TKG_20250903T010314,1.0,0.0016,0.005,0.0,-0.5089
2025-09-08,S2B_MSIL2A_20250908T162829_R083_T17TKG_20250908T202738,1.0,0.0019,0.0295,0.0,-0.5041
2025-09-15,S2B_MSIL2A_20250915T161829_R040_T17TKG_20250915T212655,0.961,0.0025,0.0191,0.0,-0.5096
2025-09-18,S2B_MSIL2A_20250918T162839_R083_T17TKG_20250918T214953,1.0,0.0026,0.0245,0.0,-0.5343
2025-09-28,S2B_MSIL2A_20250928T162949_R083_T17TKG_20250928T203058,1.0,0.0203,0.0409,0.0008,-0.5375
2025-09-30,S2C_MSIL2A_20250930T162111_R040_T17TKG_20250930T195014,1.0,0.0257,0.0209,0.0006,-0.5694
2025-10-03,S2C_MSIL2A_20251003T163141_R083_T17TKG_20251003T212013,1.0,0.0339,0.0514,0.002,-0.529
2025-10-08,S2B_MSIL2A_20251008T163109_R083_T17TKG_20251008T203038,1.0,0.132,0.0575,0.0157,-0.5599
2025-10-28,S2B_MSIL2A_20251028T163309_R083_T17TKG_20251028T201459,1.0,0.1676,0.07,0.0219,-0.5703
2025-11-02,S2C_MSIL2A_20251102T163451_R083_T17TKG_20251102T203127,1.0,0.1719,0.0691,0.0183,-0.5733
2025-11-14,S2B_MSIL2A_20251114T162439_R040_T17TKG_20251114T183857,1.0,0.1617,0.0836,0.0488,-0.5253
2025-11-17,S2B_MSIL2A_20251117T163459_R083_T17TKG_20251117T200604,1.0,0.1542,0.0263,0.0103,-0.5833
2026-03-09,S2C_MSIL2A_20260309T162111_R040_T17TKG_20260309T194814,1.0,0.1975,0.089,0.0479,-0.496
2026-04-11,S2C_MSIL2A_20260411T162901_R083_T17TKG_20260411T211710,1.0,0.289,0.1074,0.0594,-0.4474
2026-04-20,S2A_MSIL2A_20260420T162711_R040_T17TKG_20260421T044219,0.991,0.4843,0.1472,0.0614,-0.4067
2026-04-23,S2A_MSIL2A_20260423T163711_R083_T17TKG_20260424T030911,1.0,0.551,0.1451,0.0279,-0.4071
2026-04-23,S2B_MSIL2A_20260423T161819_R040_T17TKG_20260423T200214,1.0,0.4958,0.1516,0.0352,-0.3994
2026-04-26,S2B_MSIL2A_20260426T162859_R083_T17TKG_20260426T202059,1.0,0.4854,0.141,0.0233,-0.4096
2026-05-08,S2C_MSIL2A_20260508T161831_R040_T17TKG_20260508T195612,1.0,0.1457,0.094,0.0246,-0.4598
2026-05-30,S2A_MSIL2A_20260530T162701_R040_T17TKG_20260531T041701,1.0,0.007,0.0383,0.0019,-0.4912
2026-05-31,S2C_MSIL2A_20260531T162831_R083_T17TKG_20260531T214512,1.0,0.0023,0.0772,0.0014,-0.4601
2026-06-02,S2A_MSIL2A_20260602T163701_R083_T17TKG_20260603T023520,0.985,0.0026,0.0803,0.0028,-0.4697
2026-06-07,S2C_MSIL2A_20260607T161831_R040_T17TKG_20260607T213006,1.0,0.0041,0.018,0.0008,-0.5071
2026-06-25,S2B_MSIL2A_20260625T162829_R083_T17TKG_20260625T202409,0.963,0.0152,0.0808,0.0007,-0.4495
2026-06-27,S2C_MSIL2A_20260627T161831_R040_T17TKG_20260627T211653,1.0,0.0031,0.0075,0.0001,-0.5069
2026-07-07,S2C_MSIL2A_20260707T161831_R040_T17TKG_20260707T212609,1.0,0.0054,0.0086,0.0,-0.5151
2026-07-12,S2A_MSIL2A_20260712T163701_R083_T17TKG_20260713T024827,1.0,0.0019,0.0165,0.0001,-0.493
2026-07-12,S2B_MSIL2A_20260712T161829_R040_T17TKG_20260712T201241,0.98,0.002,0.0071,0.0,-0.4953
2026-07-30,S2C_MSIL2A_20260730T162841_R083_T17TKG_20260730T214313,1.0,0.0005,0.0091,0.0004,-0.4873
2026-08-09,S2C_MSIL2A_20260809T162831_R083_T17TKG_20260809T214104,1.0,0.0,0.0215,0.0003,-0.4371
2026-08-21,S2A_MSIL2A_20260821T163701_R083_T17TKG_20260822T060610,1.0,0.0,0.0059,0.0,-0.4634
2026-08-21,S2B_MSIL2A_20260821T161829_R040_T17TKG_20260821T200308,1.0,0.0001,0.0087,0.0002,-0.4553
2026-08-24,S2B_MSIL2A_20260824T162829_R083_T17TKG_20260824T202206,0.997,0.0047,0.0233,0.0,-0.4881
2026-08-28,S2A_MSIL2A_20260828T162701_R040_T17TKG_20260829T041415,1.0,0.0011,0.0027,0.0,-0.5321
