season,week,week_start,monday,count,raw
2007,36,2007-09-02,2007-09-03,81,81
2007,37,2007-09-09,2007-09-10,171,171
2007,38,2007-09-16,2007-09-17,259,259
2007,39,2007-09-23,2007-09-24,235,235
2007,40,2007-09-30,2007-10-01,431,431
2007,41,2007-10-07,2007-10-08,1162,1162
2007,42,2007-10-14,2007-10-15,2071,2071
2007,43,2007-10-21,2007-10-22,2478,2478
2007,44,2007-10-28,2007-10-29,2219,2219
2007,45,2007-11-04,2007-11-05,2131,2131
2007,46,2007-11-11,2007-11-12,2065,2065
2007,47,2007-11-18,2007-11-19,3885,3885
2007,48,2007-11-25,2007-11-26,3,3
2007,49,2007-12-02,2007-12-03,0,0
2007,50,2007-12-09,2007-12-10,0,0
2007,51,2007-12-16,2007-12-17,0,0
2008,36,2008-08-31,2008-09-01,0,0
2008,37,2008-09-07,2008-09-08,280,280
2008,38,2008-09-14,2008-09-15,0,0
2008,39,2008-09-21,2008-09-22,43,43
2008,40,2008-09-28,2008-09-29,22,22
2008,41,2008-10-05,2008-10-06,6,6
2008,42,2008-10-12,2008-10-13,103,103
2008,43,2008-10-19,2008-10-20,20,20
2008,44,2008-10-26,2008-10-27,114,114
2008,45,2008-11-02,2008-11-03,0,0
2008,46,2008-11-09,2008-11-10,0,0
2008,47,2008-11-16,2008-11-17,0,0
2008,48,2008-11-23,2008-11-24,0,0
2008,49,2008-11-30,2008-12-01,0,0
2008,50,2008-12-07,2008-12-08,0,0
2008,51,2008-12-14,2008-12-15,0,0
2009,36,2009-08-30,2009-08-31,0,0
2009,37,2009-09-06,2009-09-07,0,0
2009,38,2009-09-13,2009-09-14,19,19
2009,39,2009-09-20,2009-09-21,100,100
2009,40,2009-09-27,2009-09-28,126,126
2009,41,2009-10-04,2009-10-05,42,42
2009,42,2009-10-11,2009-10-12,18,18
2009,43,2009-10-18,2009-10-19,230,230
2009,44,2009-10-25,2009-10-26,63,63
2009,45,2009-11-01,2009-11-02,95,95
2009,46,2009-11-08,2009-11-09,79,79
2009,47,2009-11-15,2009-11-16,466,466
2009,48,2009-11-22,2009-11-23,202,202
2009,49,2009-11-29,2009-11-30,27,27
2009,50,2009-12-06,2009-12-07,0,0
2009,51,2009-12-13,2009-12-14,0,0
2010,36,2010-08-29,2010-08-30,0,0
2010,37,2010-09-05,2010-09-06,0,0
2010,38,2010-09-12,2010-09-13,146,146
2010,39,2010-09-19,2010-09-20,237,237
2010,40,2010-09-26,2010-09-27,318,318
2010,41,2010-10-03,2010-10-04,448,448
2010,42,2010-10-10,2010-10-11,1762,1762
2010,43,2010-10-17,2010-10-18,2108,2108
2010,44,2010-10-24,2010-10-25,2639,2639
2010,45,2010-10-31,2010-11-01,4094,4094
2010,46,2010-11-07,2010-11-08,4792,4792
2010,47,2010-11-14,2010-11-15,5523,5523
2010,48,2010-11-21,2010-11-22,4473,4473
2010,49,2010-11-28,2010-11-29,0,0
2010,50,2010-12-05,2010-12-06,0,0
2010,51,2010-12-12,2010-12-13,0,0
2011,36,2011-08-28,2011-08-29,0,0
2011,37,2011-09-04,2011-09-05,0,0
2011,38,2011-09-11,2011-09-12,5,5
2011,39,2011-09-18,2011-09-19,5,5
2011,40,2011-09-25,2011-09-26,0,0
2011,41,2011-10-02,2011-10-03,5,5
2011,42,2011-10-09,2011-10-10,18,18
2011,43,2011-10-16,2011-10-17,362,362
2011,44,2011-10-23,2011-10-24,18,18
2011,45,2011-10-30,2011-10-31,32,32
2011,46,2011-11-06,2011-11-07,32,32
2011,47,2011-11-13,2011-11-14,13,13
2011,48,2011-11-20,2011-11-21,17,17
2011,49,2011-11-27,2011-11-28,5,5
2011,50,2011-12-04,2011-12-05,0,0
2011,51,2011-12-11,2011-12-12,0,0
2012,36,2012-09-02,2012-09-03,295,295
2012,37,2012-09-09,2012-09-10,304,304
2012,38,2012-09-16,2012-09-17,297,297
2012,39,2012-09-23,2012-09-24,349,349
2012,40,2012-09-30,2012-10-01,811,811
2012,41,2012-10-07,2012-10-08,1875,"1,875"
2012,42,2012-10-14,2012-10-15,2586,"2,586"
2012,43,2012-10-21,2012-10-22,3670,"3,670"
2012,44,2012-10-28,2012-10-29,5012,"5,012"
2012,45,2012-11-04,2012-11-05,7483,"7,483"
2012,46,2012-11-11,2012-11-12,6490,"6,490"
2012,47,2012-11-18,2012-11-19,8177,"8,177"
2012,48,2012-11-25,2012-11-26,6927,"6,927"
2012,49,2012-12-02,2012-12-03,5540,"5,540"
2012,50,2012-12-09,2012-12-10,2802,"2,802"
2012,51,2012-12-16,2012-12-17,2216,"2,216"
2013,36,2013-09-01,2013-09-02,0,0
2013,37,2013-09-08,2013-09-09,2,2
2013,38,2013-09-15,2013-09-16,66,66
2013,39,2013-09-22,2013-09-23,36,36
2013,40,2013-09-29,2013-09-30,21,21
2013,41,2013-10-06,2013-10-07,239,239
2013,42,2013-10-13,2013-10-14,385,385
2013,43,2013-10-20,2013-10-21,176,176
2013,44,2013-10-27,2013-10-28,714,714
2013,45,2013-11-03,2013-11-04,62,62
2013,46,2013-11-10,2013-11-11,4,4
2013,47,2013-11-17,2013-11-18,29,29
2013,48,2013-11-24,2013-11-25,0,0
2013,49,2013-12-01,2013-12-02,0,0
2013,50,2013-12-08,2013-12-09,0,0
2013,51,2013-12-15,2013-12-16,0,0
2014,37,2014-09-07,2014-09-08,6,6
2014,38,2014-09-14,2014-09-15,2,2
2014,39,2014-09-21,2014-09-22,45,45
2014,40,2014-09-28,2014-09-29,43,43
2014,41,2014-10-05,2014-10-06,104,104
2014,42,2014-10-12,2014-10-13,43,43
2014,43,2014-10-19,2014-10-20,44,44
2014,44,2014-10-26,2014-10-27,72,72
2014,45,2014-11-02,2014-11-03,39,39
2015,36,2015-08-30,2015-08-31,0,0
2015,37,2015-09-06,2015-09-07,0,0
2015,38,2015-09-13,2015-09-14,45,45
2015,39,2015-09-20,2015-09-21,68,68
2015,40,2015-09-27,2015-09-28,88,88
2015,41,2015-10-04,2015-10-05,162,162
2015,42,2015-10-11,2015-10-12,555,555
2015,43,2015-10-18,2015-10-19,1700,"1,700"
2015,44,2015-10-25,2015-10-26,2516,"2,516"
2015,45,2015-11-01,2015-11-02,1615,"1,615"
2015,46,2015-11-08,2015-11-09,1415,"1,415"
2015,47,2015-11-15,2015-11-16,1839,"1,839"
2015,48,2015-11-22,2015-11-23,0,0
2015,49,2015-11-29,2015-11-30,95,95
2015,50,2015-12-06,2015-12-07,96,96
2015,51,2015-12-13,2015-12-14,243,243
2016,36,2016-08-28,2016-08-29,0,0
2016,37,2016-09-04,2016-09-05,6,6
2016,38,2016-09-11,2016-09-12,0,0
2016,39,2016-09-18,2016-09-19,2,2
2016,40,2016-09-25,2016-09-26,151,151
2016,41,2016-10-02,2016-10-03,0,0
2016,42,2016-10-09,2016-10-10,20,20
2016,43,2016-10-16,2016-10-17,7,7
2016,44,2016-10-23,2016-10-24,4,4
2016,45,2016-10-30,2016-10-31,8,8
2016,46,2016-11-06,2016-11-07,0,0
2016,47,2016-11-13,2016-11-14,0,0
2016,48,2016-11-20,2016-11-21,2,2
2016,49,2016-11-27,2016-11-28,0,0
2016,50,2016-12-04,2016-12-05,0,0
2016,51,2016-12-11,2016-12-12,0,0
2017,36,2017-09-03,2017-09-04,0,0
2017,37,2017-09-10,2017-09-11,147,147
2017,38,2017-09-17,2017-09-18,374,374
2017,39,2017-09-24,2017-09-25,385,385
2017,40,2017-10-01,2017-10-02,495,495
2017,41,2017-10-08,2017-10-09,390,390
2017,42,2017-10-15,2017-10-16,155,155
2017,43,2017-10-22,2017-10-23,340,340
2017,44,2017-10-29,2017-10-30,4,4
2017,45,2017-11-05,2017-11-06,0,0
2017,46,2017-11-12,2017-11-13,0,0
2017,47,2017-11-19,2017-11-20,4,4
2017,48,2017-11-26,2017-11-27,0,0
2017,49,2017-12-03,2017-12-04,0,0
2017,50,2017-12-10,2017-12-11,0,0
2017,51,2017-12-17,2017-12-18,0,0
2018,36,2018-09-02,2018-09-03,0,0
2018,37,2018-09-09,2018-09-10,0,0
2018,38,2018-09-16,2018-09-17,0,0
2018,39,2018-09-23,2018-09-24,35,35
2018,40,2018-09-30,2018-10-01,145,145
2018,41,2018-10-07,2018-10-08,38,38
2018,42,2018-10-14,2018-10-15,345,345
2018,43,2018-10-21,2018-10-22,903,903
2018,44,2018-10-28,2018-10-29,617,617
2018,45,2018-11-04,2018-11-05,312,312
2018,46,2018-11-11,2018-11-12,74,74
2018,47,2018-11-18,2018-11-19,0,0
2018,48,2018-11-25,2018-11-26,0,0
2018,49,2018-12-02,2018-12-03,0,0
2018,50,2018-12-09,2018-12-10,0,0
2018,51,2018-12-16,2018-12-17,0,0
2019,36,2019-09-01,2019-09-02,0,0
2019,37,2019-09-08,2019-09-09,5,5
2019,38,2019-09-15,2019-09-16,10,10
2019,39,2019-09-22,2019-09-23,83,83
2019,40,2019-09-29,2019-09-30,18,18
2019,41,2019-10-06,2019-10-07,2,2
2019,42,2019-10-13,2019-10-14,14,14
2019,43,2019-10-20,2019-10-21,487,487
2019,44,2019-10-27,2019-10-28,20,20
2019,45,2019-11-03,2019-11-04,2,2
2019,46,2019-11-10,2019-11-11,0,0
2019,47,2019-11-17,2019-11-18,0,0
2019,48,2019-11-24,2019-11-25,0,0
2019,49,2019-12-01,2019-12-02,0,0
2019,50,2019-12-08,2019-12-09,0,0
2019,51,2019-12-15,2019-12-16,0,0
2020,36,2020-08-30,2020-08-31,0,0
2020,37,2020-09-06,2020-09-07,0,0
2020,38,2020-09-13,2020-09-14,4,4
2020,39,2020-09-20,2020-09-21,0,0
2020,40,2020-09-27,2020-09-28,0,0
2020,41,2020-10-04,2020-10-05,2,2
2020,42,2020-10-11,2020-10-12,7,7
2020,43,2020-10-18,2020-10-19,324,324
2020,44,2020-10-25,2020-10-26,58,58
2020,45,2020-11-01,2020-11-02,377,377
2020,46,2020-11-08,2020-11-09,0,0
2020,47,2020-11-15,2020-11-16,699,699
2020,48,2020-11-22,2020-11-23,1681,"1,681"
2020,49,2020-11-29,2020-11-30,156,156
2020,50,2020-12-06,2020-12-07,41,41
2020,51,2020-12-13,2020-12-14,,-
2021,36,2021-08-29,2021-08-30,0,0
2021,37,2021-09-05,2021-09-06,0,0
2021,38,2021-09-12,2021-09-13,0,0
2021,39,2021-09-19,2021-09-20,0,0
2021,40,2021-09-26,2021-09-27,2,2
2021,41,2021-10-03,2021-10-04,2,2
2021,42,2021-10-10,2021-10-11,0,0
2021,43,2021-10-17,2021-10-18,10,10
2021,44,2021-10-24,2021-10-25,0,0
2021,45,2021-10-31,2021-11-01,0,0
2021,46,2021-11-07,2021-11-08,0,0
2021,47,2021-11-14,2021-11-15,0,0
2021,48,2021-11-21,2021-11-22,18,18
2021,49,2021-11-28,2021-11-29,,-
2021,50,2021-12-05,2021-12-06,,-
2021,51,2021-12-12,2021-12-13,,-
2022,36,2022-08-28,2022-08-29,0,0
2022,37,2022-09-04,2022-09-05,0,0
2022,38,2022-09-11,2022-09-12,0,0
2022,39,2022-09-18,2022-09-19,0,0
2022,40,2022-09-25,2022-09-26,3,3
2022,41,2022-10-02,2022-10-03,19,19
2022,42,2022-10-09,2022-10-10,0,0
2022,43,2022-10-16,2022-10-17,147,147
2022,44,2022-10-23,2022-10-24,294,294
2022,45,2022-10-30,2022-10-31,779,779
2022,46,2022-11-06,2022-11-07,2283,"2,283"
2022,47,2022-11-13,2022-11-14,3331,"3,331"
2022,48,2022-11-20,2022-11-21,1600,"1,600"
2022,49,2022-11-27,2022-11-28,241,241
2022,50,2022-12-04,2022-12-05,59,59
2022,51,2022-12-11,2022-12-12,,-
2023,36,2023-09-03,2023-09-04,0,0
2023,37,2023-09-10,2023-09-11,0,0
2023,38,2023-09-17,2023-09-18,8,8
2023,39,2023-09-24,2023-09-25,4,4
2023,40,2023-10-01,2023-10-02,7,7
2023,41,2023-10-08,2023-10-09,10,10
2023,42,2023-10-15,2023-10-16,122,122
2023,43,2023-10-22,2023-10-23,77,77
2023,44,2023-10-29,2023-10-30,97,97
2023,45,2023-11-05,2023-11-06,130,130
2023,46,2023-11-12,2023-11-13,65,65
2023,47,2023-11-19,2023-11-20,531,531
2023,48,2023-11-26,2023-11-27,182,182
2023,49,2023-12-03,2023-12-04,,-
2023,50,2023-12-10,2023-12-11,,-
2023,51,2023-12-17,2023-12-18,,-
2024,36,2024-09-01,2024-09-02,,n/a
2024,37,2024-09-08,2024-09-09,,n/a
2024,38,2024-09-15,2024-09-16,,n/a
2024,39,2024-09-22,2024-09-23,13,13
2024,40,2024-09-29,2024-09-30,11,11
2024,41,2024-10-06,2024-10-07,6,6
2024,42,2024-10-13,2024-10-14,6,6
2024,43,2024-10-20,2024-10-21,91,91
2024,44,2024-10-27,2024-10-28,1046,"1,046"
2024,45,2024-11-03,2024-11-04,1528,"1,528"
2024,46,2024-11-10,2024-11-11,541,541
2024,47,2024-11-17,2024-11-18,1292,"1,292"
2024,48,2024-11-24,2024-11-25,1866,"1,866"
2024,49,2024-12-01,2024-12-02,75,75
2024,50,2024-12-08,2024-12-09,,n/a
2024,51,2024-12-15,2024-12-16,,n/a
2025,36,2025-08-31,2025-09-01,,-
2025,37,2025-09-07,2025-09-08,,-
2025,38,2025-09-14,2025-09-15,19,19
2025,39,2025-09-21,2025-09-22,12,12
2025,40,2025-09-28,2025-09-29,31,31
2025,41,2025-10-05,2025-10-06,46,46
2025,42,2025-10-12,2025-10-13,104,104
2025,43,2025-10-19,2025-10-20,191,191
2025,44,2025-10-26,2025-10-27,289,289
2025,45,2025-11-02,2025-11-03,1363,"1,363"
2025,46,2025-11-09,2025-11-10,1482,"1,482"
2025,47,2025-11-16,2025-11-17,1875,"1,875"
2025,48,2025-11-23,2025-11-24,3455,"3,455"
2025,49,2025-11-30,2025-12-01,,-
2025,50,2025-12-07,2025-12-08,,-
2025,51,2025-12-14,2025-12-15,,-
2026,36,2026-08-30,2026-08-31,,-
2026,37,2026-09-06,2026-09-07,,-
2026,38,2026-09-13,2026-09-14,3,3
2026,39,2026-09-20,2026-09-21,5,5
2026,40,2026-09-27,2026-09-28,,-
2026,41,2026-10-04,2026-10-05,,-
2026,42,2026-10-11,2026-10-12,,-
2026,43,2026-10-18,2026-10-19,,-
2026,44,2026-10-25,2026-10-26,,-
2026,45,2026-11-01,2026-11-02,,-
2026,46,2026-11-08,2026-11-09,,-
2026,47,2026-11-15,2026-11-16,,-
2026,48,2026-11-22,2026-11-23,,-
2026,49,2026-11-29,2026-11-30,,-
2026,50,2026-12-06,2026-12-07,,-
2026,51,2026-12-13,2026-12-14,,-
