average days of outages per customer,Customers,fips_code,county,state
12.866436072054766,418,29227,Worth,Missouri
9.646517072851992,3423,26027,Cass,Michigan
6.978226925467858,6050,26001,Alcona,Michigan
5.461619356231457,10545,26063,Huron,Michigan
5.41775679504465,9284,55125,Vilas,Wisconsin
4.652928217227136,12805,26021,Berrien,Michigan
4.3120832881305216,11681,26129,Ogemaw,Michigan
4.249233128096117,12246,29145,Newton,Missouri
3.7639732936219215,1600,29087,Holt,Missouri
3.609806631734874,18061,26035,Clare,Michigan
3.5355708236243926,1088,29075,Gentry,Missouri
3.4893688624663914,5044,26135,Oscoda,Michigan
3.477294726282391,9864,26011,Arenac,Michigan
3.395486417854233,441528,26163,Wayne,Michigan
3.274048965073496,13780,26143,Roscommon,Michigan
3.2648409520878747,3774,29003,Andrew,Missouri
3.2545495139473477,9559,26113,Missaukee,Michigan
3.2474807234737972,15201,26051,Gladwin,Michigan
3.1671794111728517,9226,26085,Lake,Michigan
3.1661057940711816,19440,26149,St. Joseph,Michigan
3.009410410777088,6073,26119,Montmorency,Michigan
2.967636829133766,12899,26151,Sanilac,Michigan
2.9146949102895503,47260,26115,Monroe,Michigan
2.780244724453485,8218,26039,Crawford,Michigan
2.497297050592604,37176,39087,Lawrence,Ohio
2.4940318380671003,4120,29011,Barton,Missouri
2.4842706613814936,12357,26089,Leelanau,Michigan
2.4717521401991465,14310,26069,Iosco,Michigan
2.438522271375526,5816,29209,Stone,Missouri
2.4231532016418065,15641,26009,Antrim,Michigan
2.3154364946438415,3417,19073,Greene,Iowa
2.3099622794538095,1356,26083,Keweenaw,Michigan
2.269588916410071,30914,26059,Hillsdale,Michigan
2.252543174281572,30687,26023,Branch,Michigan
2.2154090945202523,2620,29005,Atchison,Missouri
2.135735117835024,4092,19025,Calhoun,Iowa
2.1280006609087065,18916,26159,Van Buren,Michigan
2.1262771195617525,5708,17173,Shelby,Illinois
2.1133114882924233,15797,55069,Lincoln,Wisconsin
2.068369665604048,4260,55078,Menominee,Wisconsin
2.048887570282359,5584,29217,Vernon,Missouri
2.026786591963667,20608,26107,Mecosta,Michigan
1.985580166727898,4024,29179,Reynolds,Missouri
1.8990522623749728,8757,26097,Mackinac,Michigan
1.8639313445239167,10279,26079,Kalkaska,Michigan
1.8586614352288011,6340,55041,Forest,Wisconsin
1.8085148499843986,22258,55085,Oneida,Wisconsin
1.8005149720161422,5611,26153,Schoolcraft,Michigan
1.7861652776315007,5890,26071,Iron,Michigan
1.7734596115675116,7394,26053,Gogebic,Michigan
1.7510792704877567,16118,26031,Cheboygan,Michigan
1.7389593300904216,5206,29173,Ralls,Missouri
1.7361410485406161,5492,29147,Nodaway,Missouri
1.7263599577989857,646293,26125,Oakland,Michigan
1.713060828263726,18272,26133,Osceola,Michigan
1.7037453356212924,2123,55051,Iron,Wisconsin
1.693632453936639,2501,17155,Putnam,Illinois
1.6818035904751314,9545,26019,Benzie,Michigan
1.6664769992861637,1563,29199,Scotland,Missouri
1.6614036926730444,71469,26147,St. Clair,Michigan
1.639710874861923,2603,29041,Chariton,Missouri
1.6218271083160944,16639,26157,Tuscola,Michigan
1.6041892100353397,4537,18025,Crawford,Indiana
1.6039479645858192,106898,29510,St. Louis,Missouri
1.5951372388001015,88113,26093,Livingston,Michigan
1.5840140539123277,7184,18013,Brown,Indiana
1.5806822644120513,2289,19195,Worth,Iowa
1.5709135859740975,32058,26123,Newaygo,Michigan
1.562411011998532,1865,17013,Calhoun,Illinois
1.5538293629404336,8116,29177,Ray,Missouri
1.5407813441013083,4000,29153,Ozark,Missouri
1.5382337534653756,5608,18045,Fountain,Indiana
1.5307565474394658,6221,29083,Henry,Missouri
1.52475587135373,5897,29017,Bollinger,Missouri
1.515664643270667,2842,55037,Florence,Wisconsin
1.5145508357359314,2972,29085,Hickory,Missouri
1.4629694958092267,3381,17071,Henderson,Illinois
1.4508725676345537,1531,29197,Schuyler,Missouri
1.4505915035778985,4177,19089,Howard,Iowa
1.4149616669965952,18909,26105,Mason,Michigan
1.4013447839749644,5538,19197,Wright,Iowa
1.3865656856381072,14348,29219,Warren,Missouri
1.3627548575838644,3212,17153,Pulaski,Illinois
1.3592788250971237,7582,29155,Pemiscot,Missouri
1.3534635366303054,6665,17039,De Witt,Illinois
1.3499647681990756,2511,19159,Ringgold,Iowa
1.3494804631450212,21518,26165,Wexford,Michigan
1.338359258219413,3837,29185,St. Clair,Missouri
1.3246476374205314,6716,29015,Benton,Missouri
1.3059538848871666,4865,29063,DeKalb,Missouri
1.3035084219554949,4746,26095,Luce,Michigan
1.3007575510734422,2981,29033,Carroll,Missouri
1.290892882801174,195553,26161,Washtenaw,Michigan
1.2827943893403218,4553,26003,Alger,Michigan
1.2762513022581208,10100,39131,Pike,Ohio
1.2734168544140754,3895,19161,Sac,Iowa
1.2693226891566618,4125,29089,Howard,Missouri
1.2686286226388956,7134,29223,Wayne,Missouri
1.2469836933660121,34336,26091,Lenawee,Michigan
1.2321884457010606,8568,29123,Madison,Missouri
1.2264525320346709,22707,29021,Buchanan,Missouri
1.2248625827044501,6445,18111,Newton,Indiana
1.2110997062399045,1842,17151,Pope,Illinois
1.20620169483957,19983,26029,Charlevoix,Michigan
1.1909299915156355,33946,26117,Montcalm,Michigan
1.1853339513501593,4637,19069,Franklin,Iowa
1.1843086777411183,6965,19095,Iowa,Iowa
1.1649982690633405,3617,17085,Jo Daviess,Illinois
1.1602965921853252,4285,19071,Fremont,Iowa
1.1593765570716925,38363,26087,Lapeer,Michigan
1.1557263566276998,8383,39115,Morgan,Ohio
1.1347086886451945,14537,29097,Jasper,Missouri
1.1271522253506794,6572,19007,Appanoose,Iowa
1.104780998295767,9841,29109,Lawrence,Missouri
1.1005185424853126,9190,39067,Harrison,Ohio
1.0995633455910199,2908,29061,Daviess,Missouri
1.0929548869873627,7270,19129,Mills,Iowa
1.0814052568765717,7295,17051,Fayette,Illinois
1.0764115707139885,15177,26101,Manistee,Michigan
1.0581847897399368,4722,18155,Switzerland,Indiana
1.05773157331438,4929,17035,Cumberland,Illinois
1.0566900336739993,6148,17147,Piatt,Illinois
1.0563861019218208,1844,19003,Adams,Iowa
1.0525186499782682,3269,29125,Maries,Missouri
1.0451402270512726,3068,29137,Monroe,Missouri
1.037771130645481,3159,19151,Pocahontas,Iowa
1.0375153231606955,70799,18039,Elkhart,Indiana
1.024319374744794,10521,29107,Lafayette,Missouri
1.0096349676049434,4824,26013,Baraga,Michigan
1.0068157346850246,3195,29203,Shannon,Missouri
0.9931604079018035,6886,18165,Vermillion,Indiana
0.9928376027317126,5733,29067,Douglas,Missouri
0.9677935022479826,2842,17003,Alexander,Illinois
0.967657312379973,8712,19065,Fayette,Iowa
0.9655536519501368,101260,26075,Jackson,Michigan
0.963706390799386,6708,19157,Poweshiek,Iowa
0.9520387991761043,3796,29035,Carter,Missouri
0.9456236323592786,10239,39051,Fulton,Ohio
0.9448792425850342,12072,26109,Menominee,Michigan
0.9427085235908553,3507,19091,Humboldt,Iowa
0.9422122371064259,7721,39163,Vinton,Ohio
0.940890254305525,14790,29159,Pettis,Missouri
0.9341958920004682,57350,26111,Midland,Michigan
0.9331516561952132,19174,26137,Otsego,Michigan
0.9274442116557664,11719,29167,Polk,Missouri
0.927001947322071,7079,39125,Paulding,Ohio
0.9248004112522763,12759,18181,White,Indiana
0.9240460307700287,4132,18007,Benton,Indiana
0.905348661497646,4085,55065,Lafayette,Wisconsin
0.9035567052972181,4227,29013,Bates,Missouri
0.9034227120734759,5462,17053,Ford,Illinois
0.9028446927334313,4056,19135,Monroe,Iowa
0.8970815073855831,13485,39105,Meigs,Ohio
0.8939084451650271,21110,39123,Ottawa,Ohio
0.8912370382272845,7306,29181,Ripley,Missouri
0.8906443498286453,17738,26127,Oceana,Michigan
0.8856941074673753,404553,26099,Macomb,Michigan
0.8801041800607707,10464,29186,Ste. Genevieve,Missouri
0.8796087520560739,2947,19185,Wayne,Iowa
0.8753218731603056,4010,29081,Harrison,Missouri
0.8749312248458327,2453,17059,Gallatin,Illinois
0.8720986826987321,5709,29093,Iron,Missouri
0.8656860251513506,4528,17079,Jasper,Illinois
0.8617793276763765,16880,39001,Adams,Ohio
0.8610463005488155,35242,26067,Ionia,Michigan
0.8575740292511275,18457,39053,Gallia,Ohio
0.8526721061239803,14062,55067,Langlade,Wisconsin
0.8517292098169061,7829,17023,Clark,Illinois
0.8395349753890564,9383,29049,Clinton,Missouri
0.8374972833005758,44829,39009,Athens,Ohio
0.8317856594006328,9369,19191,Winneshiek,Iowa
0.830689159396034,10009,18149,Starke,Indiana
0.8293743093391825,8579,18047,Franklin,Indiana
0.8225735418425628,10899,17107,Logan,Illinois
0.8188632305439311,8217,29215,Texas,Missouri
0.8180735838612778,94899,18141,St. Joseph,Indiana
0.817851327296078,4684,19107,Keokuk,Iowa
0.8166489436159884,4000,29045,Clark,Missouri
0.8160346840371693,5736,17005,Bond,Illinois
0.8064662898477323,3146,19177,Van Buren,Iowa
0.8033790397104408,2511,19009,Audubon,Iowa
0.801885578191316,2229,18161,Union,Indiana
0.7987873600724905,7886,19067,Floyd,Iowa
0.7960509500366052,8244,17187,Warren,Illinois
0.7928880702299684,17905,39073,Hocking,Ohio
0.7859692480909687,13660,17021,Christian,Illinois
0.7834433958549457,58242,18091,LaPorte,Indiana
0.7817980143826061,6912,27143,Sibley,Minnesota
0.7734169468815483,4781,29065,Dent,Missouri
0.7636756719092158,4791,19023,Butler,Iowa
0.7566919136211713,5390,19077,Guthrie,Iowa
0.7557456432163212,11481,18135,Randolph,Indiana
0.7522105464053354,10163,29221,Washington,Missouri
0.7485012897332277,4246,26131,Ontonagon,Michigan
0.7477109268386406,5285,29139,Montgomery,Missouri
0.7469653009083154,15913,18077,Jefferson,Indiana
0.7435186465508652,4167,17129,Menard,Illinois
0.7409584157283262,86725,26005,Allegan,Michigan
0.7380051257849499,11687,18129,Posey,Indiana
0.7359209047583323,8972,17131,Mercer,Illinois
0.73431192928198,9035,19145,Page,Iowa
0.7340433750354943,3173,17175,Stark,Illinois
0.7300839045110772,12110,26043,Dickinson,Michigan
0.7285352497921282,3918,55091,Pepin,Wisconsin
0.7232965340473679,2860,18115,Ohio,Indiana
0.7211099083576572,11677,27001,Aitkin,Minnesota
0.7199978842653183,4069,29149,Oregon,Missouri
0.7189393771694851,8690,17045,Edgar,Illinois
0.7169344142164426,21004,26057,Gratiot,Michigan
0.7081414494067738,8328,39161,Van Wert,Ohio
0.7076153057674353,4061,17047,Edwards,Illinois
0.7074663148274437,8974,39111,Monroe,Ohio
0.7049021134090289,10204,39121,Noble,Ohio
0.7018799142081755,7941,29053,Cooper,Missouri
0.7008036009936005,17431,18151,Steuben,Indiana
0.6983648895848454,7305,29055,Crawford,Missouri
0.6918823543242009,2505,29057,Dade,Missouri
0.6902746863275326,8198,26141,Presque Isle,Michigan
0.6902200833571278,29899,55075,Marinette,Wisconsin
0.6856685540812181,1910,17069,Hardin,Illinois
0.6836192360340995,34303,55131,Washington,Wisconsin
0.6737680537519403,143177,55133,Waukesha,Wisconsin
0.6725147408915171,6750,19005,Allamakee,Iowa
0.6716384832644409,16124,39037,Darke,Ohio
0.670913254134462,6347,19131,Mitchell,Iowa
0.6635229635932287,36507,26073,Isabella,Michigan
0.6615085073765302,96417,26077,Kalamazoo,Michigan
0.6590215068550607,2485,29205,Shelby,Missouri
0.6573688876822874,13310,18119,Owen,Indiana
0.655034594015266,6636,29073,Gasconade,Missouri
0.6545021377666311,13228,39039,Defiance,Ohio
0.648232209470762,4290,19039,Clarke,Iowa
0.6438534667732585,5974,29151,Osage,Missouri
0.6401098901098901,2548,27081,Lincoln,Minnesota
0.6318820196316917,32212,18005,Bartholomew,Indiana
0.6296262754219825,15234,17121,Marion,Illinois
0.6295525236575041,5897,29059,Dallas,Missouri
0.6284735908240284,12422,39069,Henry,Ohio
0.6264952627841663,92794,26025,Calhoun,Michigan
0.6204892110029834,32743,26033,Chippewa,Michigan
0.6140162935746825,22649,39027,Clinton,Ohio
0.6127687393708574,8194,29163,Pike,Missouri
0.6065826623688316,41952,26015,Barry,Michigan
0.6059123581253962,11975,17145,Perry,Illinois
0.6052965600894146,3643,29025,Caldwell,Missouri
0.6004653191226225,31550,55109,St. Croix,Wisconsin
0.599491837500364,4554,19115,Louisa,Iowa
0.5973230090873574,16386,27115,Pine,Minnesota
0.5969546565482081,21501,39079,Jackson,Ohio
0.592270426984249,10004,29141,Morgan,Missouri
0.5921689041097197,7906,17123,Marshall,Illinois
0.5907916132385074,10670,19015,Boone,Iowa
0.5907907075863631,6731,19059,Dickinson,Iowa
0.5906974512903234,5507,19075,Grundy,Iowa
0.5860722609591353,21226,18093,Lawrence,Indiana
0.5856290874475174,14809,18061,Harrison,Indiana
0.5853252590356146,4166,19147,Palo Alto,Iowa
0.5833865831817359,15843,18083,Knox,Indiana
0.5820237692587675,18909,18145,Shelby,Indiana
0.5809385341823078,12431,39149,Shelby,Ohio
0.5788190911927629,24425,29113,Lincoln,Missouri
0.5770773821975672,5489,19081,Hancock,Iowa
0.5768932454834503,7035,19055,Delaware,Iowa
0.5767287858440493,17139,18133,Putnam,Indiana
0.5767036343198068,6645,19175,Union,Iowa
0.575090519005746,2220,29103,Knox,Missouri
0.5731110250357278,9969,18147,Spencer,Indiana
0.5730135952942133,7823,18153,Sullivan,Indiana
0.572088228301452,10344,17135,Montgomery,Illinois
0.5704563585035852,8333,17041,Douglas,Illinois
0.5689684668826495,10038,17075,Iroquois,Illinois
0.5655382024420578,19563,18029,Dearborn,Indiana
0.5653684377825064,7318,17189,Washington,Illinois
0.5622593672769083,2163,17171,Scott,Illinois
0.5607310280028678,16499,55047,Green Lake,Wisconsin
0.5596412769502508,22670,17081,Jefferson,Illinois
0.5585461434081991,20004,39135,Preble,Ohio
0.5584439932162634,14989,39021,Champaign,Ohio
0.5583923325728257,15566,19099,Jasper,Iowa
0.5551285417421304,40395,18085,Kosciusko,Indiana
0.5499481428099072,19007,29029,Camden,Missouri
0.546920656976323,8912,39137,Putnam,Ohio
0.5436924966638312,25998,17095,Knox,Illinois
0.54346198876529,7213,19189,Winnebago,Iowa
0.5420504130590555,20986,18099,Marshall,Indiana
0.5389136116636253,38960,29165,Platte,Missouri
0.5364937652161815,22613,27061,Itasca,Minnesota
0.5352268319010215,8581,19149,Plymouth,Iowa
0.5338996318233473,9700,19183,Washington,Iowa
0.531803929244601,7683,29229,Wright,Missouri
0.531069980559064,9010,17067,Hancock,Illinois
0.5304992989379729,5936,55011,Buffalo,Wisconsin
0.5269209608371105,6473,55007,Bayfield,Wisconsin
0.5257020118920311,8986,19031,Cedar,Iowa
0.522970466441289,4666,27117,Pipestone,Minnesota
0.5228232818697847,26761,55083,Oconto,Wisconsin
0.5188025561789779,8994,17193,White,Illinois
0.5184442686358091,7428,55043,Grant,Wisconsin
0.5175693387000821,6500,17087,Johnson,Illinois
0.5170691957664398,60521,26055,Grand Traverse,Michigan
0.515597872372422,25626,19193,Woodbury,Iowa
0.5154954701458381,28796,26047,Emmet,Michigan
0.5126413823706617,13393,18079,Jennings,Indiana
0.5121495406123139,13799,18069,Huntington,Indiana
0.5106222387586382,16107,18137,Ripley,Indiana
0.5088339469498254,15070,29009,Barry,Missouri
0.5077232633900313,34512,55055,Jefferson,Wisconsin
0.5054229678534673,72318,39007,Ashtabula,Ohio
0.5026725276539541,5384,27151,Swift,Minnesota
0.4976884277165173,34422,55089,Ozaukee,Wisconsin
0.49617853313116533,8847,55077,Marquette,Wisconsin
0.4961235644626326,6199,27039,Dodge,Minnesota
0.4955014124071066,22569,29043,Christian,Missouri
0.49432920941537095,9083,27071,Koochiching,Minnesota
0.493125195866703,18254,39065,Hardin,Ohio
0.4908024601938006,12538,29131,Miller,Missouri
0.4907282759418321,20209,39015,Brown,Ohio
0.49024019467964075,14964,39047,Fayette,Ohio
0.4892888859481083,43054,27019,Carver,Minnesota
0.4884840804425486,27110,39059,Guernsey,Ohio
0.4882125023305547,12940,17057,Fulton,Illinois
0.4882093390641097,6086,18131,Pulaski,Indiana
0.4864256620898589,4619,17065,Hamilton,Illinois
0.4819421906924208,6604,18159,Tipton,Indiana
0.4819377796709688,8169,19171,Tama,Iowa
0.4802051497633893,6879,19101,Jefferson,Iowa
0.47846444753359146,37091,39077,Huron,Ohio
0.4739368586024665,3231,19093,Ida,Iowa
0.47343030002920355,3356,19053,Decatur,Iowa
0.4732475821206093,6492,17139,Moultrie,Illinois
0.4714325679082385,80577,39085,Lake,Ohio
0.4708694751667288,1238,29171,Putnam,Missouri
0.4706878669692981,25546,55117,Sheboygan,Wisconsin
0.4683899667344975,16515,27095,Mille Lacs,Minnesota
0.46795974796516887,27579,26061,Houghton,Michigan
0.46738220797907465,19137,29101,Johnson,Missouri
0.4656578162000489,7336,17015,Carroll,Illinois
0.46497048068485497,5838,29133,Mississippi,Missouri
0.46222423698962717,4655,18125,Pike,Indiana
0.4613906379842272,31873,18109,Morgan,Indiana
0.46049129960760793,12796,18087,LaGrange,Indiana
0.45925292150366914,8800,27159,Wadena,Minnesota
0.458534951430278,51609,18167,Vigo,Indiana
0.4583381316050383,2951,19173,Taylor,Iowa
0.4582553779930927,4847,17125,Mason,Illinois
0.458111162584573,13163,18021,Clay,Indiana
0.457931940253287,22459,27017,Carlton,Minnesota
0.4531292445552375,270247,26049,Genesee,Michigan
0.45184843933489616,14970,17157,Randolph,Illinois
0.4516540493802264,34028,26037,Clinton,Michigan
0.45087100152578596,32470,29037,Cass,Missouri
0.44992294249808884,19182,39019,Carroll,Ohio
0.44867650647655427,23771,27021,Cass,Minnesota
0.44775526011426964,5724,19137,Montgomery,Iowa
0.44751861975710316,3109,27167,Wilkin,Minnesota
0.4452515298458697,8461,29039,Cedar,Missouri
0.4435718986042872,9409,55013,Burnett,Wisconsin
0.4429626888142829,29207,29213,Taney,Missouri
0.44265134136055095,27174,55097,Portage,Wisconsin
0.4421316629169999,9067,55049,Iowa,Wisconsin
0.4416021278926831,19525,27097,Morrison,Minnesota
0.4407491689775606,26534,55029,Door,Wisconsin
0.4399977551046374,103718,26121,Muskegon,Michigan
0.436694557506582,7718,17083,Jersey,Illinois
0.43478679752061544,12254,19019,Buchanan,Iowa
0.4345803248069624,33664,39005,Ashland,Ohio
0.4334309837448199,10731,27157,Wabasha,Minnesota
0.43310982623150956,15215,18173,Warrick,Indiana
0.4312815267581836,13024,55113,Sawyer,Wisconsin
0.4294208733591264,2324,27173,Yellow Medicine,Minnesota
0.42872149845309065,23619,55135,Waupaca,Wisconsin
0.4287009086314022,51132,19155,Pottawattamie,Iowa
0.4276426078939295,15453,17117,Macoupin,Illinois
0.42712069449232726,4958,27133,Rock,Minnesota
0.4213798504989117,5090,19119,Lyon,Iowa
0.4208232433299479,7872,18009,Blackford,Indiana
0.4177303919787216,1796,29211,Sullivan,Missouri
0.4172773590571618,3588,19143,Osceola,Iowa
0.4167096999240109,4718,19051,Davis,Iowa
0.41594519173474104,6087,17017,Cass,Illinois
0.41501855253163317,24080,17203,Woodford,Illinois
0.4137259562742473,3007,17009,Brown,Illinois
0.41039557956311196,5968,19035,Cherokee,Iowa
0.4097298503567486,20411,19187,Webster,Iowa
0.4094902545885163,22023,39127,Perry,Ohio
0.40804481836594486,6647,27055,Houston,Minnesota
0.40248205667452586,25665,17103,Lee,Illinois
0.40130764065331725,4225,19117,Lucas,Iowa
0.40100419266732845,84000,18127,Porter,Indiana
0.39991525854412885,42825,39167,Washington,Ohio
0.3995754177738449,64488,39041,Delaware,Ohio
0.39311945805997106,12012,18001,Adams,Indiana
0.3928977276190907,120381,17111,McHenry,Illinois
0.39149096564421304,41367,18067,Howard,Indiana
0.39069466870674435,35905,39129,Pickaway,Ohio
0.3901965979006171,7620,19085,Harrison,Iowa
0.39004562435025486,8302,18041,Fayette,Indiana
0.389516892135689,19260,17055,Franklin,Illinois
0.38805432687655966,26880,39097,Madison,Ohio
0.3879458231446839,29247,27131,Rice,Minnesota
0.3871174723871511,9169,29143,New Madrid,Missouri
0.3856582640940828,43362,39109,Miami,Ohio
0.38542729766732153,96031,29047,Clay,Missouri
0.3844446333997709,9014,18049,Fulton,Indiana
0.3836497824246284,3686,19001,Adair,Iowa
0.3833559497858702,6793,17149,Pike,Illinois
0.382060896534458,4038,29115,Linn,Missouri
0.3819161237854343,16522,17137,Morgan,Illinois
0.3802154430081006,12349,29195,Saline,Missouri
0.3782485718372571,11683,27079,Le Sueur,Minnesota
0.37596642349750614,12248,17177,Stephenson,Illinois
0.3755476639562565,18236,26007,Alpena,Michigan
0.3744505244250829,5030,19141,O'Brien,Iowa
0.3743852731268293,5637,55023,Crawford,Wisconsin
0.3741719244346952,18806,18065,Henry,Indiana
0.3736247839710065,29435,19033,Cerro Gordo,Iowa
0.3736050685358438,20361,39031,Coshocton,Ohio
0.3728396247421452,15996,55019,Clark,Wisconsin
0.3727746980950135,6054,29111,Lewis,Missouri
0.37260994153640475,17366,18179,Wells,Indiana
0.3712973326356821,9205,19079,Hamilton,Iowa
0.3710534326657538,10277,17181,Union,Illinois
0.36629041091174624,11923,19087,Henry,Iowa
0.364896544584621,8666,19027,Carroll,Iowa
0.3641846584359483,6991,19037,Chickasaw,Iowa
0.36390273212258994,12158,29001,Adair,Missouri
0.36256781924097875,44590,39013,Belmont,Ohio
0.3611359503004988,24455,17029,Coles,Illinois
0.3607553632313459,21505,19045,Clinton,Iowa
0.35957571149288703,30291,39075,Holmes,Ohio
0.35934787622613285,17220,29207,Stoddard,Missouri
0.35902408702792915,52738,39141,Ross,Ohio
0.3588521954018842,9746,18015,Carroll,Indiana
0.35814766169330436,120140,26139,Ottawa,Michigan
0.3550784810396301,27822,39071,Highland,Ohio
0.3544298666411429,19532,39091,Logan,Ohio
0.3541920898574314,9495,18075,Jay,Indiana
0.3541022998390137,6885,19083,Hardin,Iowa
0.35372736763581697,75181,18063,Hendricks,Indiana
0.353692793801641,11253,29175,Randolph,Missouri
0.3521086041575418,7695,18139,Rush,Indiana
0.35158229287197507,8162,19123,Mahaska,Iowa
0.3512076626422983,11694,29157,Perry,Missouri
0.3509995480089358,13003,27153,Todd,Minnesota
0.3489795509865054,44919,39081,Jefferson,Ohio
0.3484146759462749,80598,55073,Marathon,Wisconsin
0.3481676555295844,45649,55127,Walworth,Wisconsin
0.34761604863274465,13290,55045,Green,Wisconsin
0.34723169017280076,10220,17033,Crawford,Illinois
0.3451562830782243,38464,39063,Hancock,Ohio
0.34312292084152873,23550,27025,Chisago,Minnesota
0.34237846110427106,7964,27127,Redwood,Minnesota
0.34127647413274215,75424,18105,Monroe,Indiana
0.3391859136428206,22711,18107,Montgomery,Indiana
0.33910514276532977,7700,18121,Parke,Indiana
0.3386543125946428,6345,55003,Ashland,Wisconsin
0.33861974479100637,132604,26145,Saginaw,Michigan
0.3384064942468368,5934,27023,Chippewa,Minnesota
0.33825263118947696,24221,39117,Morrow,Ohio
0.3365776927866233,8507,19105,Jones,Iowa
0.3361405781837297,26616,17077,Jackson,Illinois
0.3358940767053895,13104,29127,Marion,Missouri
0.33405764829665857,32124,39003,Allen,Ohio
0.332568050165454,14830,17049,Effingham,Illinois
0.33196141089476106,58508,55087,Outagamie,Wisconsin
0.33181414545696697,18878,39107,Mercer,Ohio
0.32938745883078796,12348,18175,Washington,Indiana
0.32932689467151754,105140,55059,Kenosha,Wisconsin
0.32829230323987757,20787,55001,Adams,Wisconsin
0.32587910132459363,14215,39175,Wyandot,Ohio
0.3253747792189978,12745,17109,McDonough,Illinois
0.32420794068666453,13457,27049,Goodhue,Minnesota
0.3240859704927886,43936,27111,Otter Tail,Minnesota
0.3233052045235586,41361,26155,Shiawassee,Michigan
0.3230156189055162,30185,18033,DeKalb,Indiana
0.3219858527473812,81860,17113,McLean,Illinois
0.3216083374006946,33246,18043,Floyd,Indiana
0.3180365869967338,65221,39055,Geauga,Ohio
0.3179539182234991,30359,39159,Union,Ohio
0.3176987580810493,37410,55063,La Crosse,Wisconsin
0.3171192505691023,66162,26017,Bay,Michigan
0.3161411991908738,11095,18169,Wabash,Indiana
0.31579619853171054,127123,39153,Summit,Ohio
0.31574861413906774,416077,26081,Kent,Michigan
0.3151998898171572,594641,55079,Milwaukee,Wisconsin
0.3141286222917509,33933,29023,Butler,Missouri
0.31269842948299814,57420,18081,Johnson,Indiana
0.3121738738458645,10421,19043,Clayton,Iowa
0.3112888207075125,7164,19165,Shelby,Iowa
0.31119690775692616,54074,39157,Tuscarawas,Ohio
0.31118733237932555,24731,29201,Scott,Missouri
0.31070244196563157,6634,27149,Stevens,Minnesota
0.3101681167747188,18029,55081,Monroe,Wisconsin
0.30966192647707225,15945,19127,Marshall,Iowa
0.3081189324506808,41371,39083,Knox,Ohio
0.30741506926240747,202364,29095,Jackson,Missouri
0.30541910961430535,12849,29225,Webster,Missouri
0.30282829305162495,7796,17101,Lawrence,Illinois
0.3023866129076869,91802,39025,Clermont,Ohio
0.3008536913034428,15588,17133,Monroe,Illinois
0.3006900591836469,50476,39145,Scioto,Ohio
0.2993150828669399,5952,27075,Lake,Minnesota
0.2987233311158598,7207,29135,Moniteau,Missouri
0.2986517924545395,80878,17179,Tazewell,Illinois
0.29321699440612237,1766,27011,Big Stone,Minnesota
0.2929495334190924,11607,19021,Buena Vista,Iowa
0.2924312977594735,50150,39103,Medina,Ohio
0.2908173062463804,76066,39155,Trumbull,Ohio
0.29016643961685146,19602,27009,Benton,Minnesota
0.29000235939608243,63181,39029,Columbiana,Ohio
0.2896485582469867,22129,29161,Phelps,Missouri
0.287749188380149,18207,19057,Des Moines,Iowa
0.28767126149114586,10329,19029,Cass,Iowa
0.28599877746184016,30564,18183,Whitley,Indiana
0.2840398369867117,7388,19133,Monona,Iowa
0.28277558444272577,7031,27065,Kanabec,Minnesota
0.2824590204734699,21651,27169,Winona,Minnesota
0.2821762004508316,25191,17105,Livingston,Illinois
0.27917211222850874,5200,17061,Greene,Illinois
0.27788909789549243,10344,55107,Rusk,Wisconsin
0.2771531293613651,8648,29117,Livingston,Missouri
0.2767436493709661,3591,18171,Warren,Indiana
0.27555753986158593,9109,17159,Richland,Illinois
0.2742254802169157,7916,27161,Waseca,Minnesota
0.2737728930802048,17941,55015,Calumet,Wisconsin
0.27244181905346343,29065,27007,Beltrami,Minnesota
0.2711843930294305,45262,26103,Marquette,Michigan
0.2711329259449047,12851,18143,Scott,Indiana
0.2708910950784194,28884,29027,Callaway,Missouri
0.27057976109741355,5930,27121,Pope,Minnesota
0.26856084180789985,21071,55137,Waushara,Wisconsin
0.2659014353348529,11963,29007,Audrain,Missouri
0.2648707212761946,12884,18031,Decatur,Indiana
0.26443972142010125,20979,17007,Boone,Illinois
0.26383446503072056,18642,17011,Bureau,Illinois
0.2624927284184835,34191,27013,Blue Earth,Minnesota
0.2621877324464484,45051,17115,Macon,Illinois
0.2614653875199453,15486,19111,Lee,Iowa
0.261204614741611,71067,18157,Tippecanoe,Indiana
0.260032642225043,40643,39101,Marion,Ohio
0.2591972461910527,23340,18071,Jackson,Indiana
0.25785629301328694,48618,27035,Crow Wing,Minnesota
0.2561546002740536,47771,18053,Grant,Indiana
0.2545637132929939,602248,39035,Cuyahoga,Ohio
0.2545447892073004,14810,55121,Trempealeau,Wisconsin
0.25391859613178147,41598,27141,Sherburne,Minnesota
0.25372483891354375,24519,26041,Delta,Michigan
0.24901121693675154,21648,29105,Laclede,Missouri
0.2487853297627626,23483,29091,Howell,Missouri
0.2484016031533829,86733,39045,Fairfield,Ohio
0.24518524055474117,40978,17073,Henry,Illinois
0.24439962490359732,50376,26045,Eaton,Michigan
0.24433422598509322,40256,18059,Hancock,Indiana
0.24326453145232416,109959,27163,Washington,Minnesota
0.24274718783433924,35624,17199,Williamson,Illinois
0.24144912052794174,14371,55061,Kewaunee,Wisconsin
0.2402159808891627,28875,39033,Crawford,Ohio
0.2380224739433506,84801,39139,Richland,Ohio
0.23778812410124306,55392,55035,Eau Claire,Wisconsin
0.23704442522088565,29757,55027,Dodge,Wisconsin
0.2359777572180552,5226,27101,Murray,Minnesota
0.23580397420574362,50780,39043,Erie,Ohio
0.23323143805063773,12465,17027,Clinton,Illinois
0.23249927669547507,19905,39011,Auglaize,Ohio
0.2301095837783787,31538,55017,Chippewa,Wisconsin
0.2257363313010202,127172,27137,St. Louis,Minnesota
0.22544724982146247,32639,29187,St. Francois,Missouri
0.22539476072438525,13498,19011,Benton,Iowa
0.22497644562814725,46672,29071,Franklin,Missouri
0.2245807225612725,8409,55129,Washburn,Wisconsin
0.2242256504004231,14941,18051,Gibson,Indiana
0.22407176098421808,115015,55101,Racine,Wisconsin
0.22215150564921998,61831,27139,Scott,Minnesota
0.21883374131891817,63017,17099,LaSalle,Illinois
0.2177814347071175,34407,29031,Cape Girardeau,Missouri
0.21730410322471047,10185,55099,Price,Wisconsin
0.21686578692002537,16671,27057,Hubbard,Minnesota
0.2152073251500521,6578,27129,Renville,Minnesota
0.21505933832824328,31418,55115,Shawano,Wisconsin
0.21493129820331222,24622,27005,Becker,Minnesota
0.21479548648582839,24979,18113,Noble,Indiana
0.21375724444940866,2847,17169,Schuyler,Illinois
0.2129291113918958,362081,39049,Franklin,Ohio
0.2123606140576344,127850,17089,Kane,Illinois
0.21099076160348187,81074,39169,Wayne,Ohio
0.21098434767882107,92468,39133,Portage,Ohio
0.21073138040799202,76519,27109,Olmsted,Minnesota
0.20976867547803396,21960,19179,Wapello,Iowa
0.2088282166778578,10404,17191,Wayne,Illinois
0.2076577066219554,106179,39093,Lorain,Ohio
0.2068748976516137,107855,17119,Madison,Illinois
0.2060814102406583,94355,17163,St. Clair,Illinois
0.20543458909578546,9213,19047,Crawford,Iowa
0.2010543551188495,26598,27027,Clay,Minnesota
0.20076954743349784,57051,18019,Clark,Indiana
0.20011082918677806,16123,39171,Williams,Ohio
0.1991424575561546,76324,18095,Madison,Indiana
0.19891256608337501,35768,39143,Sandusky,Ohio
0.19829665830424203,33361,55095,Polk,Wisconsin
0.19686726946579622,5934,19063,Emmet,Iowa
0.19674260066824587,62329,39119,Muskingum,Ohio
0.1959533391542821,43433,17063,Grundy,Illinois
0.192055346827179,19855,18023,Clinton,Indiana
0.19105951343213476,26191,29169,Pulaski,Missouri
0.1905895795977852,56401,55105,Rock,Wisconsin
0.1904620095218048,9366,19121,Madison,Iowa
0.19018608098002238,10302,19097,Jackson,Iowa
0.1891604675876727,1882,27073,Lac qui Parle,Minnesota
0.18870770716534596,117187,39089,Licking,Ohio
0.18680712499969787,77769,19103,Johnson,Iowa
0.18671223510602805,9085,17025,Clay,Illinois
0.1865996479390676,20627,27059,Isanti,Minnesota
0.1856494510354754,16786,55093,Pierce,Wisconsin
0.18521702311779545,46373,17183,Vermilion,Illinois
0.1847144975122693,15444,55057,Juneau,Wisconsin
0.18376109533710014,181803,29183,St. Charles,Missouri
0.18104450620652476,115421,39165,Warren,Ohio
0.18013915478911147,16993,19167,Sioux,Iowa
0.18003458670820943,74573,55139,Winnebago,Wisconsin
0.1797767054336653,67611,19163,Scott,Iowa
0.17794976868023815,23806,19181,Warren,Iowa
0.17781843040609782,187698,26065,Ingham,Michigan
0.17745355031396398,42029,17141,Ogle,Illinois
0.1756712523656694,63396,19169,Story,Iowa
0.17455175597313619,44026,17195,Whiteside,Illinois
0.17234800388673688,46818,55141,Wood,Wisconsin
0.17140409558970962,16028,19017,Bremer,Iowa
0.17038161541268945,30353,19139,Muscatine,Iowa
0.16864769032002905,252565,18089,Lake,Indiana
0.16763115239982312,83685,17161,Rock Island,Illinois
0.1669952881044026,8853,29121,Macon,Missouri
0.16660535427785586,12813,55123,Vernon,Wisconsin
0.1649205815959901,108266,29099,Jefferson,Missouri
0.16476209893468655,58451,19049,Dallas,Iowa
0.16373340362217942,12967,17165,Saline,Illinois
0.1628838829700022,8175,17127,Massac,Illinois
0.1618547751152441,15048,27103,Nicollet,Minnesota
0.16154921908135417,92645,39057,Greene,Ohio
0.1612218922358931,2357,27155,Traverse,Minnesota
0.15956073045858468,19876,19125,Marion,Iowa
0.15913411607133002,138475,17167,Sangamon,Illinois
0.15720617312280666,7058,29079,Grundy,Missouri
0.15579301940855408,81395,18035,Delaware,Indiana
0.15472870422772037,29231,55005,Barron,Wisconsin
0.15457385266858592,24888,55033,Dunn,Wisconsin
0.15332533018468858,215018,39095,Lucas,Ohio
0.15286937490873878,201743,55009,Brown,Wisconsin
0.15284884701958612,156661,18003,Allen,Indiana
0.15189975608660375,12558,55119,Taylor,Wisconsin
0.15078947368421053,2280,27125,Red Lake,Minnesota
0.14547470495912165,39963,29051,Cole,Missouri
0.1447893817562435,35754,39147,Seneca,Ohio
0.14478344993689488,493304,18097,Marion,Indiana
0.14395935193902032,1937,29129,Mercer,Missouri
0.14393785340463552,150783,39099,Mahoning,Ohio
0.1437801870836284,21325,18103,Miami,Indiana
0.14291302567687955,46546,19061,Dubuque,Iowa
0.14059794780538476,40311,18177,Wayne,Indiana
0.14059616444776565,60955,55111,Sauk,Wisconsin
0.14022413923102842,127599,39017,Butler,Ohio
0.13998024492831684,137518,17143,Peoria,Illinois
0.1399747752944054,19212,18073,Jasper,Indiana
0.1381128079551953,164114,29077,Greene,Missouri
0.13683816452893924,63435,27171,Wright,Minnesota
0.13588941774268035,19180,29069,Dunklin,Missouri
0.1358848547538903,83871,39023,Clark,Ohio
0.13312644045364305,3371,27051,Grant,Minnesota
0.13154727693003734,120789,17201,Winnebago,Illinois
0.13095339447364807,18602,18055,Greene,Indiana
0.13048243322690475,89727,55039,Fond du Lac,Wisconsin
0.1275098958549863,79310,27145,Stearns,Minnesota
0.12593471678695692,71069,39173,Wood,Ohio
0.1251286218466454,90035,17019,Champaign,Illinois
0.12447079709549529,24298,18017,Cass,Indiana
0.12426006306963808,57533,19013,Black Hawk,Iowa
0.12394532042033068,159187,18057,Hamilton,Indiana
0.12048121643984307,47882,55071,Manitowoc,Wisconsin
0.11866112094975892,29088,55031,Douglas,Wisconsin
0.1172885806968017,313751,17043,DuPage,Illinois
0.11640178429038937,85550,17091,Kankakee,Illinois
0.11579444215628769,31760,17001,Adams,Illinois
0.11541594571772877,79682,17037,DeKalb,Illinois
0.11233921649817406,193827,27037,Dakota,Minnesota
0.112092785865398,251263,39151,Stark,Ohio
0.11203096127969744,13668,19041,Clay,Iowa
0.11141507354644015,20235,27067,Kandiyohi,Minnesota
0.10943349919016455,437530,39061,Hamilton,Ohio
0.1067026856937625,7698,19109,Kossuth,Iowa
0.10600281157522595,5044,18101,Martin,Indiana
0.10371869221873865,8020,55103,Richland,Wisconsin
0.1036117812877054,53762,55021,Columbia,Wisconsin
0.10100424105844233,257190,27123,Ramsey,Minnesota
0.10081416279802238,624985,27053,Hennepin,Minnesota
0.10054080629301869,4068,27087,Mahnomen,Minnesota
0.09815360023426989,9760,17185,Wabash,Illinois
0.09580961819850302,106036,18163,Vanderburgh,Indiana
0.09512686755238317,581008,17097,Lake,Illinois
0.09383096397179368,17365,27147,Steele,Minnesota
0.09201018869886157,19237,27119,Polk,Minnesota
0.09135749113686212,118247,19113,Linn,Iowa
0.08902659826872474,159251,27003,Anoka,Minnesota
0.08866356277245506,92751,17093,Kendall,Illinois
0.07638704428569425,295834,39113,Montgomery,Ohio
0.07608750731300587,5867,27043,Faribault,Minnesota
0.07383454652410495,121913,29019,Boone,Missouri
0.06995830627929227,299468,17197,Will,Illinois
0.06833433309709615,2162007,17031,Cook,Illinois
0.06783194534541799,6865,27045,Fillmore,Minnesota
0.06634299818419784,40708,18011,Boone,Indiana
0.06612886771154411,287095,19153,Polk,Iowa
0.06378610687803525,12173,18117,Orange,Indiana
0.05874927760071454,9659,27093,Meeker,Minnesota
0.05470921830522556,295516,55025,Dane,Wisconsin
0.054229898707969106,19859,18027,Daviess,Indiana
0.05394045179124754,12443,27083,Lyon,Minnesota
0.04107944734193434,16219,27047,Freeborn,Minnesota
0.04054812351508341,16570,27085,McLeod,Minnesota
0.03919030006082237,14991,55053,Jackson,Wisconsin
0.029857576852698083,23496,27041,Douglas,Minnesota
0.02906215136799834,177579,29119,McDonald,Missouri
0.018794564571770995,17846,27099,Mower,Minnesota
0.014226082918605708,12921,27015,Brown,Minnesota
0.004243241078227319,594469,29189,St. Louis,Missouri
0.004098360655737705,1952,27107,Norman,Minnesota
0.0018782870022539444,2662,27069,Kittson,Minnesota
0.0013972985561248254,4294,27165,Watonwan,Minnesota
0.0010089175291284256,5121,27029,Clearwater,Minnesota
0.0005554938340184424,9001,27105,Nobles,Minnesota
0.0003343203744388194,10469,18123,Perry,Indiana
3.1527839081909326e-05,31718,18037,Dubois,Indiana
,4280,27031,Cook,Minnesota
,5353,27033,Cottonwood,Minnesota
,5169,27063,Jackson,Minnesota
,3652,27089,Marshall,Minnesota
,10513,27091,Martin,Minnesota
,7940,27113,Pennington,Minnesota
,7663,27135,Roseau,Minnesota
